Title,Category,Subcategory
Apple iPhone (Remote/Mic),Headphones,Apple Headphones
Apple iPhone 11 128GB White Unlocked,Smartphones and Mobile,iPhone
Apple iPhone 11 Pro Max 512GB Gold EE,Smartphones and Mobile,iPhone
Apple iPhone 11 64GB White Unlocked,Smartphones and Mobile,iPhone
Apple iPhone 11 Pro Max 256GB Silver EE,Smartphones and Mobile,iPhone
Apple iPhone 11 Pro Max 512GB Silver O2,Smartphones and Mobile,iPhone
Apple iPhone 11 Pro 256GB Space Grey EE,Smartphones and Mobile,iPhone
Apple iPhone 11 Pro 64GB Silver Vodafone,Smartphones and Mobile,iPhone
Apple iPhone 11 64GB Black O2,Smartphones and Mobile,iPhone
Apple iPhone 11 64GB Purple Unlocked,Smartphones and Mobile,iPhone
Apple iPhone 11 Pro 256GB Silver EE,Smartphones and Mobile,iPhone
Apple iPhone 11 256GB Black Unlocked,Smartphones and Mobile,iPhone
Apple iPhone 11 128GB Yellow EE,Smartphones and Mobile,iPhone
Apple iPhone 11 Pro 64GB Gold Vodafone,Smartphones and Mobile,iPhone
Apple iPhone 11 64GB Green Tesco,Smartphones and Mobile,iPhone
Apple iPhone 11 Pro Max 256GB Gold EE,Smartphones and Mobile,iPhone
Apple iPhone 11 Pro 64GB Midnight Green O2,Smartphones and Mobile,iPhone
Apple iPhone 11 Pro 512GB Midnight Green Vodafone,Smartphones and Mobile,iPhone
Apple iPhone 11 64GB Purple Vodafone,Smartphones and Mobile,iPhone
Apple iPhone 11 64GB Green O2,Smartphones and Mobile,iPhone
Apple iPhone 11 256GB Yellow EE,Smartphones and Mobile,iPhone
Apple iPhone 11 Pro 64GB Midnight Green Unlocked,Smartphones and Mobile,iPhone
Apple iPhone 11 256GB Yellow Unlocked,Smartphones and Mobile,iPhone
Apple iPhone 11 Pro 256GB Gold Vodafone,Smartphones and Mobile,iPhone
Apple iPhone 11 Pro 64GB Space Grey O2,Smartphones and Mobile,iPhone
Apple iPhone 11 Pro 512GB Space Grey O2,Smartphones and Mobile,iPhone
Apple iPhone 11 64GB Green Unlocked,Smartphones and Mobile,iPhone
Apple iPhone 11 128GB White EE,Smartphones and Mobile,iPhone
Apple iPhone 11 Pro 256GB Midnight Green O2,Smartphones and Mobile,iPhone
Apple iPhone 11 Pro Max 256GB Space Grey Tesco,Smartphones and Mobile,iPhone
Apple iPhone 11 Pro 64GB Space Grey Unlocked,Smartphones and Mobile,iPhone
Apple iPhone 11 Pro 256GB Space Grey Vodafone,Smartphones and Mobile,iPhone
Apple iPhone 11 Pro 512GB Silver Unlocked,Smartphones and Mobile,iPhone
Apple iPhone 11 Pro Max 256GB Silver Unlocked,Smartphones and Mobile,iPhone
Apple iPhone 11 Pro Max 512GB Midnight Green Unlocked,Smartphones and Mobile,iPhone
Apple iPhone 11 128GB Purple EE,Smartphones and Mobile,iPhone
Apple iPhone 11 Pro Max 256GB Gold O2,Smartphones and Mobile,iPhone
Apple iPhone 11 64GB Space Grey EE,Smartphones and Mobile,iPhone
Apple iPhone 11 128GB Yellow Vodafone,Smartphones and Mobile,iPhone
Apple iPhone 11 Pro Max 256GB Midnight Green Unlocked,Smartphones and Mobile,iPhone
Apple iPhone 11 64GB Purple EE,Smartphones and Mobile,iPhone
Apple iPhone 11 Pro 512GB Gold Unlocked,Smartphones and Mobile,iPhone
Apple iPhone 11 Pro Max 64GB Space Grey EE,Smartphones and Mobile,iPhone
Apple iPhone 11 Pro 512GB Gold EE,Smartphones and Mobile,iPhone
Apple iPhone 11 Pro 64GB Silver EE,Smartphones and Mobile,iPhone
Apple iPhone 11 Pro 512GB Silver EE,Smartphones and Mobile,iPhone
Apple iPhone 11 128GB Yellow Unlocked,Smartphones and Mobile,iPhone
Apple iPhone 11 64GB Product Red Vodafone,Smartphones and Mobile,iPhone
Apple iPhone 11 256GB Product Red Vodafone,Smartphones and Mobile,iPhone
Apple iPhone 11 Pro Max 512GB Space Grey Unlocked,Smartphones and Mobile,iPhone
Apple iPhone 11 Pro Max 64GB Silver O2,Smartphones and Mobile,iPhone
Apple iPhone 11 Pro 256GB Space Grey O2,Smartphones and Mobile,iPhone
Apple iPhone 11 256GB White Unlocked,Smartphones and Mobile,iPhone
Apple iPhone 11 64GB White EE,Smartphones and Mobile,iPhone
Apple iPhone 11 Pro Max 64GB Midnight Green EE,Smartphones and Mobile,iPhone
Apple iPhone 11 Pro Max 256GB Silver Vodafone,Smartphones and Mobile,iPhone
Apple iPhone 11 128GB Black Tesco,Smartphones and Mobile,iPhone
Apple iPhone 11 128GB Black Vodafone,Smartphones and Mobile,iPhone
Apple iPhone 11 Pro Max 512GB Midnight Green O2,Smartphones and Mobile,iPhone
Apple iPhone 11 Pro 256GB Midnight Green Unlocked,Smartphones and Mobile,iPhone
Apple iPhone 11 64GB Black EE,Smartphones and Mobile,iPhone
Apple iPhone 11 Pro Max 256GB Space Grey Unlocked,Smartphones and Mobile,iPhone
Apple iPhone 11 128GB Purple Vodafone,Smartphones and Mobile,iPhone
Apple iPhone 11 Pro Max 64GB Gold EE,Smartphones and Mobile,iPhone
Apple iPhone 11 Pro Max 512GB Silver Unlocked,Smartphones and Mobile,iPhone
Apple iPhone 11 Pro 512GB Space Grey Vodafone,Smartphones and Mobile,iPhone
Apple iPhone 11 64GB Black 3,Smartphones and Mobile,iPhone
Apple iPhone 11 Pro Max 512GB Midnight Green 3,Smartphones and Mobile,iPhone
Apple iPhone 11 Pro 256GB Silver Unlocked,Smartphones and Mobile,iPhone
Apple iPhone 11 Pro Max 512GB Space Grey Vodafone,Smartphones and Mobile,iPhone
Apple iPhone 11 64GB Yellow Unlocked,Smartphones and Mobile,iPhone
Apple iPhone 11 Pro Max 64GB Gold O2,Smartphones and Mobile,iPhone
Apple iPhone 11 128GB White O2,Smartphones and Mobile,iPhone
Apple iPhone 11 256GB White EE,Smartphones and Mobile,iPhone
Apple iPhone 11 Pro Max 256GB Midnight Green EE,Smartphones and Mobile,iPhone
Apple iPhone 11 Pro 256GB Space Grey Unlocked,Smartphones and Mobile,iPhone
Apple iPhone 11 Pro Max 512GB Gold Unlocked,Smartphones and Mobile,iPhone
Apple iPhone 11 Pro 64GB Space Grey Vodafone,Smartphones and Mobile,iPhone
Apple iPhone 11 256GB Purple Vodafone,Smartphones and Mobile,iPhone
Apple iPhone 11 Pro Max 512GB Space Grey O2,Smartphones and Mobile,iPhone
Apple iPhone 11 Pro Max 64GB Space Grey Tesco,Smartphones and Mobile,iPhone
Apple iPhone 11 256GB Green Unlocked,Smartphones and Mobile,iPhone
Apple iPhone 11 Pro Max 512GB Gold O2,Smartphones and Mobile,iPhone
Apple iPhone 11 256GB Black Vodafone,Smartphones and Mobile,iPhone
Apple iPhone 11 Pro Max 64GB Gold Vodafone,Smartphones and Mobile,iPhone
Apple iPhone 11 Pro Max 256GB Gold Tesco,Smartphones and Mobile,iPhone
Apple iPhone 11 Pro 64GB Gold O2,Smartphones and Mobile,iPhone
Apple iPhone 11 256GB Black O2,Smartphones and Mobile,iPhone
Apple iPhone 11 128GB Green Vodafone,Smartphones and Mobile,iPhone
Apple iPhone 11 128GB Purple O2,Smartphones and Mobile,iPhone
Apple iPhone 11 Pro 64GB Midnight Green EE,Smartphones and Mobile,iPhone
Apple iPhone 11 Pro Max 256GB Gold Vodafone,Smartphones and Mobile,iPhone
Apple iPhone 11 256GB White Vodafone,Smartphones and Mobile,iPhone
Apple iPhone 11 128GB Product Red EE,Smartphones and Mobile,iPhone
Apple iPhone 11 Pro Max 64GB Midnight Green Tesco,Smartphones and Mobile,iPhone
Apple iPhone 11 Pro 512GB Space Grey Unlocked,Smartphones and Mobile,iPhone
Apple iPhone 11 Pro Max 512GB Silver EE,Smartphones and Mobile,iPhone
Apple iPhone 11 Pro 256GB Gold EE,Smartphones and Mobile,iPhone
Apple iPhone 11 Pro Max 512GB Space Grey EE,Smartphones and Mobile,iPhone
Apple iPhone 11 Pro Max 512GB Silver Vodafone,Smartphones and Mobile,iPhone
Apple iPhone 11 Pro 64GB Silver Unlocked,Smartphones and Mobile,iPhone
Apple iPhone 11 Pro Max 256GB Space Grey Vodafone,Smartphones and Mobile,iPhone
Apple iPhone 11 Pro Max 256GB Midnight Green O2,Smartphones and Mobile,iPhone
Apple iPhone 11 Pro 256GB Silver Vodafone,Smartphones and Mobile,iPhone
Apple iPhone 11 64GB Product Red Unlocked,Smartphones and Mobile,iPhone
Apple iPhone 11 Pro 512GB Midnight Green Unlocked,Smartphones and Mobile,iPhone
Apple iPhone 11 Pro Max 256GB Space Grey EE,Smartphones and Mobile,iPhone
Apple iPhone 11 Pro Max 64GB Gold Unlocked,Smartphones and Mobile,iPhone
Apple iPhone 11 Pro Max 64GB Space Grey O2,Smartphones and Mobile,iPhone
Apple iPhone 11 Pro Max 64GB Silver Vodafone,Smartphones and Mobile,iPhone
Apple iPhone 11 Pro Max 64GB Space Grey Vodafone,Smartphones and Mobile,iPhone
Apple iPhone 11 Pro Max 64GB Silver EE,Smartphones and Mobile,iPhone
Apple iPhone 11 64GB Purple O2,Smartphones and Mobile,iPhone
Apple iPhone 11 128GB Black O2,Smartphones and Mobile,iPhone
Apple iPhone 11 Pro Max 64GB Midnight Green O2,Smartphones and Mobile,iPhone
Apple iPhone 11 256GB Product Red Unlocked,Smartphones and Mobile,iPhone
Apple iPhone 11 64GB White 3,Smartphones and Mobile,iPhone
Apple iPhone 11 64GB Product Red EE,Smartphones and Mobile,iPhone
Apple iPhone 11 64GB White O2,Smartphones and Mobile,iPhone
Apple iPhone 11 256GB Purple Unlocked,Smartphones and Mobile,iPhone
Apple iPhone 11 Pro Max 256GB Silver O2,Smartphones and Mobile,iPhone
Apple iPhone 11 Pro 64GB Gold Unlocked,Smartphones and Mobile,iPhone
Apple iPhone 11 64GB White Vodafone,Smartphones and Mobile,iPhone
Apple iPhone 11 64GB Black Tesco,Smartphones and Mobile,iPhone
Apple iPhone 11 256GB Green O2,Smartphones and Mobile,iPhone
Apple iPhone 11 256GB Black EE,Smartphones and Mobile,iPhone
Apple iPhone 11 Pro Max 512GB Midnight Green Vodafone,Smartphones and Mobile,iPhone
Apple iPhone 11 Pro Max 64GB Space Grey Unlocked,Smartphones and Mobile,iPhone
Apple iPhone 11 64GB Purple 3,Smartphones and Mobile,iPhone
Apple iPhone 11 Pro Max 512GB Midnight Green EE,Smartphones and Mobile,iPhone
Apple iPhone 11 256GB Green EE,Smartphones and Mobile,iPhone
Apple iPhone 11 128GB Product Red O2,Smartphones and Mobile,iPhone
Apple iPhone 11 64GB Yellow Vodafone,Smartphones and Mobile,iPhone
Apple iPhone 11 Pro Max 256GB Space Grey O2,Smartphones and Mobile,iPhone
Apple iPhone 11 Pro Max 256GB Midnight Green Vodafone,Smartphones and Mobile,iPhone
Apple iPhone 11 128GB Product Red Vodafone,Smartphones and Mobile,iPhone
Apple iPhone 11 256GB Yellow Vodafone,Smartphones and Mobile,iPhone
Apple iPhone 11 64GB Black Unlocked,Smartphones and Mobile,iPhone
Apple iPhone 11 64GB Black Vodafone,Smartphones and Mobile,iPhone
Apple iPhone 11 128GB White Vodafone,Smartphones and Mobile,iPhone
Apple iPhone 11 64GB Yellow EE,Smartphones and Mobile,iPhone
Apple iPhone 11 64GB Product Red 3,Smartphones and Mobile,iPhone
Apple iPhone 11 128GB Green EE,Smartphones and Mobile,iPhone
Apple iPhone 11 Pro 512GB Midnight Green EE,Smartphones and Mobile,iPhone
Apple iPhone 11 Pro 256GB Silver O2,Smartphones and Mobile,iPhone
Apple iPhone 11 256GB Product Red EE,Smartphones and Mobile,iPhone
Apple iPhone 11 Pro 64GB Silver O2,Smartphones and Mobile,iPhone
Apple iPhone 11 64GB Black Virgin,Smartphones and Mobile,iPhone
Apple iPhone 11 Pro 64GB Midnight Green Vodafone,Smartphones and Mobile,iPhone
Apple iPhone 11 Pro Max 64GB Silver Unlocked,Smartphones and Mobile,iPhone
Apple iPhone 11 Pro 512GB Space Grey EE,Smartphones and Mobile,iPhone
Apple iPhone 11 128GB Product Red Unlocked,Smartphones and Mobile,iPhone
Apple iPhone 11 Pro 256GB Midnight Green Vodafone,Smartphones and Mobile,iPhone
Apple iPhone 11 256GB Purple EE,Smartphones and Mobile,iPhone
Apple iPhone 11 Pro 256GB Gold Unlocked,Smartphones and Mobile,iPhone
Apple iPhone 11 Pro 256GB Gold O2,Smartphones and Mobile,iPhone
Apple iPhone 11 64GB Green Vodafone,Smartphones and Mobile,iPhone
Apple iPhone 11 Pro Max 256GB Midnight Green Tesco,Smartphones and Mobile,iPhone
Apple iPhone 11 Pro Max 64GB Gold Tesco,Smartphones and Mobile,iPhone
Apple iPhone 11 64GB Green EE,Smartphones and Mobile,iPhone
Apple iPhone 11 Pro 256GB Midnight Green EE,Smartphones and Mobile,iPhone
Apple iPhone 11 128GB Black Unlocked,Smartphones and Mobile,iPhone
Apple iPhone 11 64GB Product Red O2,Smartphones and Mobile,iPhone
Apple iPhone 11 Pro 64GB Space Grey EE,Smartphones and Mobile,iPhone
Apple iPhone 11 128GB Green Unlocked,Smartphones and Mobile,iPhone
Apple iPhone 11 128GB Black EE,Smartphones and Mobile,iPhone
Apple iPhone 11 Pro Max 64GB Midnight Green Unlocked,Smartphones and Mobile,iPhone
Apple iPhone 11 Pro Max 64GB Midnight Green Vodafone,Smartphones and Mobile,iPhone
Apple iPhone 11 64GB Green Virgin,Smartphones and Mobile,iPhone
Apple iPhone 11 Pro Max 256GB Gold Unlocked,Smartphones and Mobile,iPhone
Apple iPhone 11 128GB Purple Unlocked,Smartphones and Mobile,iPhone
Apple iPhone 11 Pro 64GB Gold EE,Smartphones and Mobile,iPhone
Apple iPhone 11 64GB Product Red Tesco,Smartphones and Mobile,iPhone
Apple iPhone 12 Mini 256GB Black Unlocked,Smartphones and Mobile,iPhone
Apple iPhone 12 Pro Max 256GB Graphite O2,Smartphones and Mobile,iPhone
Apple iPhone 12 Mini 128GB Black Unlocked,Smartphones and Mobile,iPhone
Apple iPhone 12 Pro Max 512GB Gold Unlocked,Smartphones and Mobile,iPhone
Apple iPhone 12 Pro Max 128GB Pacific Blue Vodafone,Smartphones and Mobile,iPhone
Apple iPhone 12 Pro Max 128GB Silver O2,Smartphones and Mobile,iPhone
Apple iPhone 12 Mini 256GB Blue Unlocked,Smartphones and Mobile,iPhone
Apple iPhone 12 128GB White Unlocked,Smartphones and Mobile,iPhone
Apple iPhone 12 Pro Max 128GB Gold Vodafone,Smartphones and Mobile,iPhone
Apple iPhone 12 Pro 512GB Pacific Blue Vodafone,Smartphones and Mobile,iPhone
Apple iPhone 12 Mini 128GB Black O2,Smartphones and Mobile,iPhone
Apple iPhone 12 128GB Purple Vodafone,Smartphones and Mobile,iPhone
Apple iPhone 12 Mini 128GB White Unlocked,Smartphones and Mobile,iPhone
Apple iPhone 12 128GB Product Red Unlocked,Smartphones and Mobile,iPhone
Apple iPhone 12 Mini 64GB White Vodafone,Smartphones and Mobile,iPhone
Apple iPhone 12 Mini 128GB Green Vodafone,Smartphones and Mobile,iPhone
Apple iPhone 12 Pro 128GB Graphite O2,Smartphones and Mobile,iPhone
Apple iPhone 12 Pro Max 512GB Pacific Blue Unlocked,Smartphones and Mobile,iPhone
Apple iPhone 12 Pro Max 256GB Silver Unlocked,Smartphones and Mobile,iPhone
Apple iPhone 12 Pro Max 256GB Graphite Unlocked,Smartphones and Mobile,iPhone
Apple iPhone 12 Mini 64GB Green EE,Smartphones and Mobile,iPhone
Apple iPhone 12 Mini 64GB Purple EE,Smartphones and Mobile,iPhone
Apple iPhone 12 128GB White Vodafone,Smartphones and Mobile,iPhone
Apple iPhone 12 Mini 64GB Blue Vodafone,Smartphones and Mobile,iPhone
Apple iPhone 12 Pro 256GB Graphite EE,Smartphones and Mobile,iPhone
Apple iPhone 12 Mini 64GB Product Red EE,Smartphones and Mobile,iPhone
Apple iPhone 12 Pro Max 128GB Pacific Blue O2,Smartphones and Mobile,iPhone
Apple iPhone 12 Pro 128GB Gold Tesco,Smartphones and Mobile,iPhone
Apple iPhone 12 Mini 64GB White EE,Smartphones and Mobile,iPhone
Apple iPhone 12 Pro 128GB Graphite Vodafone,Smartphones and Mobile,iPhone
Apple iPhone 12 Pro Max 512GB Graphite Vodafone,Smartphones and Mobile,iPhone
Apple iPhone 12 Pro 128GB Pacific Blue Vodafone,Smartphones and Mobile,iPhone
Apple iPhone 12 Pro 128GB Gold EE,Smartphones and Mobile,iPhone
Apple iPhone 12 Pro 256GB Pacific Blue Unlocked,Smartphones and Mobile,iPhone
Apple iPhone 12 64GB Purple O2,Smartphones and Mobile,iPhone
Apple iPhone 12 Mini 256GB Product Red Vodafone,Smartphones and Mobile,iPhone
Apple iPhone 12 64GB Purple Tesco,Smartphones and Mobile,iPhone
Apple iPhone 12 Mini 256GB Green Unlocked,Smartphones and Mobile,iPhone
Apple iPhone 12 256GB Purple Unlocked,Smartphones and Mobile,iPhone
Apple iPhone 12 Pro 128GB Gold Unlocked,Smartphones and Mobile,iPhone
Apple iPhone 12 Pro Max 256GB Pacific Blue O2,Smartphones and Mobile,iPhone
Apple iPhone 12 256GB Blue EE,Smartphones and Mobile,iPhone
Apple iPhone 12 Mini 64GB White Tesco,Smartphones and Mobile,iPhone
Apple iPhone 12 Pro Max 128GB Graphite O2,Smartphones and Mobile,iPhone
Apple iPhone 12 64GB Product Red Unlocked,Smartphones and Mobile,iPhone
Apple iPhone 12 64GB Black Tesco,Smartphones and Mobile,iPhone
Apple iPhone 12 64GB Product Red Tesco,Smartphones and Mobile,iPhone
Apple iPhone 12 Mini 128GB Blue EE,Smartphones and Mobile,iPhone
Apple iPhone 12 Pro 512GB Gold Vodafone,Smartphones and Mobile,iPhone
Apple iPhone 12 64GB Blue O2,Smartphones and Mobile,iPhone
Apple iPhone 12 Pro 128GB Gold Vodafone,Smartphones and Mobile,iPhone
Apple iPhone 12 Pro 256GB Silver Unlocked,Smartphones and Mobile,iPhone
Apple iPhone 12 256GB Product Red Vodafone,Smartphones and Mobile,iPhone
Apple iPhone 12 128GB Purple O2,Smartphones and Mobile,iPhone
Apple iPhone 12 Pro Max 256GB Graphite Vodafone,Smartphones and Mobile,iPhone
Apple iPhone 12 Mini 64GB Blue Tesco,Smartphones and Mobile,iPhone
Apple iPhone 12 Mini 256GB Product Red EE,Smartphones and Mobile,iPhone
Apple iPhone 12 64GB Blue EE,Smartphones and Mobile,iPhone
Apple iPhone 12 64GB Purple Unlocked,Smartphones and Mobile,iPhone
Apple iPhone 12 Mini 64GB Purple Unlocked,Smartphones and Mobile,iPhone
Apple iPhone 12 Mini 64GB Green Unlocked,Smartphones and Mobile,iPhone
Apple iPhone 12 64GB Blue Unlocked,Smartphones and Mobile,iPhone
Apple iPhone 12 Mini 64GB Purple O2,Smartphones and Mobile,iPhone
Apple iPhone 12 Mini 64GB Green Tesco,Smartphones and Mobile,iPhone
Apple iPhone 12 Mini 64GB Product Red Unlocked,Smartphones and Mobile,iPhone
Apple iPhone 12 Pro 256GB Pacific Blue EE,Smartphones and Mobile,iPhone
Apple iPhone 12 Mini 64GB Purple Vodafone,Smartphones and Mobile,iPhone
Apple iPhone 12 Pro Max 128GB Graphite Unlocked,Smartphones and Mobile,iPhone
Apple iPhone 12 64GB Black Unlocked,Smartphones and Mobile,iPhone
Apple iPhone 12 Pro Max 512GB Graphite Unlocked,Smartphones and Mobile,iPhone
Apple iPhone 12 64GB Purple EE,Smartphones and Mobile,iPhone
Apple iPhone 12 64GB Product Red EE,Smartphones and Mobile,iPhone
Apple iPhone 12 128GB Green EE,Smartphones and Mobile,iPhone
Apple iPhone 12 64GB Purple Virgin,Smartphones and Mobile,iPhone
Apple iPhone 12 64GB Green 3,Smartphones and Mobile,iPhone
Apple iPhone 12 Pro 128GB Pacific Blue EE,Smartphones and Mobile,iPhone
Apple iPhone 12 Mini 256GB Blue EE,Smartphones and Mobile,iPhone
Apple iPhone 12 Pro 256GB Pacific Blue O2,Smartphones and Mobile,iPhone
Apple iPhone 12 Pro Max 512GB Pacific Blue Vodafone,Smartphones and Mobile,iPhone
Apple iPhone 12 Pro 256GB Graphite Vodafone,Smartphones and Mobile,iPhone
Apple iPhone 12 Mini 64GB White Unlocked,Smartphones and Mobile,iPhone
Apple iPhone 12 128GB Blue EE,Smartphones and Mobile,iPhone
Apple iPhone 12 Pro Max 128GB Pacific Blue EE,Smartphones and Mobile,iPhone
Apple iPhone 12 128GB White EE,Smartphones and Mobile,iPhone
Apple iPhone 12 128GB Purple EE,Smartphones and Mobile,iPhone
Apple iPhone 12 Pro Max 128GB Pacific Blue Unlocked,Smartphones and Mobile,iPhone
Apple iPhone 12 Pro Max 512GB Gold Vodafone,Smartphones and Mobile,iPhone
Apple iPhone 12 128GB Green Vodafone,Smartphones and Mobile,iPhone
Apple iPhone 12 Mini 64GB Blue EE,Smartphones and Mobile,iPhone
Apple iPhone 12 128GB Black Unlocked,Smartphones and Mobile,iPhone
Apple iPhone 12 Pro 256GB Graphite Unlocked,Smartphones and Mobile,iPhone
Apple iPhone 12 64GB Product Red O2,Smartphones and Mobile,iPhone
Apple iPhone 12 Pro 128GB Pacific Blue Tesco,Smartphones and Mobile,iPhone
Apple iPhone 12 Pro 128GB Graphite Unlocked,Smartphones and Mobile,iPhone
Apple iPhone 12 Pro Max 512GB Silver EE,Smartphones and Mobile,iPhone
Apple iPhone 12 128GB Blue 3,Smartphones and Mobile,iPhone
Apple iPhone 12 Pro 512GB Pacific Blue Unlocked,Smartphones and Mobile,iPhone
Apple iPhone 12 64GB Blue Vodafone,Smartphones and Mobile,iPhone
Apple iPhone 12 Mini 128GB Product Red EE,Smartphones and Mobile,iPhone
Apple iPhone 12 Pro Max 128GB Graphite Tesco,Smartphones and Mobile,iPhone
Apple iPhone 12 Mini 128GB Green Tesco,Smartphones and Mobile,iPhone
Apple iPhone 12 256GB Green EE,Smartphones and Mobile,iPhone
Apple iPhone 12 64GB White O2,Smartphones and Mobile,iPhone
Apple iPhone 12 64GB Purple 3,Smartphones and Mobile,iPhone
Apple iPhone 12 Pro 512GB Gold Unlocked,Smartphones and Mobile,iPhone
Apple iPhone 12 64GB Green Unlocked,Smartphones and Mobile,iPhone
Apple iPhone 12 Pro 512GB Silver EE,Smartphones and Mobile,iPhone
Apple iPhone 12 256GB Blue Unlocked,Smartphones and Mobile,iPhone
Apple iPhone 12 Pro 512GB Silver Vodafone,Smartphones and Mobile,iPhone
Apple iPhone 12 256GB Product Red Unlocked,Smartphones and Mobile,iPhone
Apple iPhone 12 256GB Blue O2,Smartphones and Mobile,iPhone
Apple iPhone 12 Pro Max 256GB Graphite Tesco,Smartphones and Mobile,iPhone
Apple iPhone 12 Mini 256GB Product Red Unlocked,Smartphones and Mobile,iPhone
Apple iPhone 12 Pro 128GB Pacific Blue O2,Smartphones and Mobile,iPhone
Apple iPhone 12 Mini 256GB Purple Unlocked,Smartphones and Mobile,iPhone
Apple iPhone 12 Mini 64GB Blue Unlocked,Smartphones and Mobile,iPhone
Apple iPhone 12 Pro 128GB Silver Unlocked,Smartphones and Mobile,iPhone
Apple iPhone 12 Mini 64GB Black EE,Smartphones and Mobile,iPhone
Apple iPhone 12 Pro Max 512GB Gold EE,Smartphones and Mobile,iPhone
Apple iPhone 12 Mini 128GB Blue Vodafone,Smartphones and Mobile,iPhone
Apple iPhone 12 Pro 128GB Graphite EE,Smartphones and Mobile,iPhone
Apple iPhone 12 Pro Max 512GB Silver Vodafone,Smartphones and Mobile,iPhone
Apple iPhone 12 Pro Max 512GB Pacific Blue EE,Smartphones and Mobile,iPhone
Apple iPhone 12 Pro 512GB Graphite Unlocked,Smartphones and Mobile,iPhone
Apple iPhone 12 Pro 128GB Silver EE,Smartphones and Mobile,iPhone
Apple iPhone 12 Pro Max 128GB Pacific Blue Tesco,Smartphones and Mobile,iPhone
Apple iPhone 12 Mini 64GB Product Red Vodafone,Smartphones and Mobile,iPhone
Apple iPhone 12 128GB Purple Unlocked,Smartphones and Mobile,iPhone
Apple iPhone 12 Pro Max 256GB Gold Vodafone,Smartphones and Mobile,iPhone
Apple iPhone 12 Pro Max 256GB Pacific Blue Unlocked,Smartphones and Mobile,iPhone
Apple iPhone 12 64GB Black O2,Smartphones and Mobile,iPhone
Apple iPhone 12 128GB Blue Unlocked,Smartphones and Mobile,iPhone
Apple iPhone 12 128GB Blue Vodafone,Smartphones and Mobile,iPhone
Apple iPhone 12 Pro Max 256GB Gold Unlocked,Smartphones and Mobile,iPhone
Apple iPhone 12 Pro Max 256GB Pacific Blue Vodafone,Smartphones and Mobile,iPhone
Apple iPhone 12 256GB Blue Vodafone,Smartphones and Mobile,iPhone
Apple iPhone 12 Mini 128GB Black Vodafone,Smartphones and Mobile,iPhone
Apple iPhone 12 256GB White Unlocked,Smartphones and Mobile,iPhone
Apple iPhone 12 128GB Product Red Vodafone,Smartphones and Mobile,iPhone
Apple iPhone 12 Pro Max 256GB Silver EE,Smartphones and Mobile,iPhone
Apple iPhone 12 128GB Black EE,Smartphones and Mobile,iPhone
Apple iPhone 12 Mini 64GB Black Unlocked,Smartphones and Mobile,iPhone
Apple iPhone 12 128GB Product Red EE,Smartphones and Mobile,iPhone
Apple iPhone 12 64GB Blue Tesco,Smartphones and Mobile,iPhone
Apple iPhone 12 Pro Max 256GB Pacific Blue Tesco,Smartphones and Mobile,iPhone
Apple iPhone 12 Mini 256GB Blue Vodafone,Smartphones and Mobile,iPhone
Apple iPhone 12 Pro Max 512GB Graphite EE,Smartphones and Mobile,iPhone
Apple iPhone 12 Pro Max 256GB Pacific Blue EE,Smartphones and Mobile,iPhone
Apple iPhone 12 Pro 256GB Silver EE,Smartphones and Mobile,iPhone
Apple iPhone 12 64GB Black EE,Smartphones and Mobile,iPhone
Apple iPhone 12 Pro 256GB Pacific Blue Vodafone,Smartphones and Mobile,iPhone
Apple iPhone 12 Pro Max 256GB Silver Vodafone,Smartphones and Mobile,iPhone
Apple iPhone 12 Mini 128GB White EE,Smartphones and Mobile,iPhone
Apple iPhone 12 Pro Max 128GB Silver EE,Smartphones and Mobile,iPhone
Apple iPhone 12 Pro 128GB Silver Vodafone,Smartphones and Mobile,iPhone
Apple iPhone 12 64GB Green Virgin,Smartphones and Mobile,iPhone
Apple iPhone 12 64GB Green Vodafone,Smartphones and Mobile,iPhone
Apple iPhone 12 64GB Black Vodafone,Smartphones and Mobile,iPhone
Apple iPhone 12 Mini 128GB White Vodafone,Smartphones and Mobile,iPhone
Apple iPhone 12 Mini 128GB Product Red Unlocked,Smartphones and Mobile,iPhone
Apple iPhone 12 Pro Max 128GB Silver Vodafone,Smartphones and Mobile,iPhone
Apple iPhone 12 Mini 128GB Green Unlocked,Smartphones and Mobile,iPhone
Apple iPhone 12 64GB Product Red Vodafone,Smartphones and Mobile,iPhone
Apple iPhone 12 64GB Purple Vodafone,Smartphones and Mobile,iPhone
Apple iPhone 12 64GB White EE,Smartphones and Mobile,iPhone
Apple iPhone 12 128GB Blue O2,Smartphones and Mobile,iPhone
Apple iPhone 12 Pro Max 256GB Graphite EE,Smartphones and Mobile,iPhone
Apple iPhone 12 Mini 128GB Blue Unlocked,Smartphones and Mobile,iPhone
Apple iPhone 12 Pro 512GB Pacific Blue EE,Smartphones and Mobile,iPhone
Apple iPhone 12 256GB Black Vodafone,Smartphones and Mobile,iPhone
Apple iPhone 12 Pro Max 128GB Gold O2,Smartphones and Mobile,iPhone
Apple iPhone 12 64GB Green O2,Smartphones and Mobile,iPhone
Apple iPhone 12 Pro Max 128GB Gold EE,Smartphones and Mobile,iPhone
Apple iPhone 12 Pro Max 256GB Gold O2,Smartphones and Mobile,iPhone
Apple iPhone 12 Pro Max 256GB Gold EE,Smartphones and Mobile,iPhone
Apple iPhone 12 Pro 512GB Gold EE,Smartphones and Mobile,iPhone
Apple iPhone 12 Pro 512GB Silver Unlocked,Smartphones and Mobile,iPhone
Apple iPhone 12 Pro 256GB Graphite O2,Smartphones and Mobile,iPhone
Apple iPhone 12 Pro 512GB Graphite EE,Smartphones and Mobile,iPhone
Apple iPhone 12 256GB Black EE,Smartphones and Mobile,iPhone
Apple iPhone 12 Mini 64GB Black Vodafone,Smartphones and Mobile,iPhone
Apple iPhone 12 Pro Max 128GB Graphite Vodafone,Smartphones and Mobile,iPhone
Apple iPhone 12 Pro 128GB Pacific Blue Unlocked,Smartphones and Mobile,iPhone
Apple iPhone 12 Mini 128GB Black EE,Smartphones and Mobile,iPhone
Apple iPhone 12 128GB Green Unlocked,Smartphones and Mobile,iPhone
Apple iPhone 12 Pro Max 128GB Gold Unlocked,Smartphones and Mobile,iPhone
Apple iPhone 12 Pro Max 128GB Graphite EE,Smartphones and Mobile,iPhone
Apple iPhone 12 Pro Max 512GB Silver Unlocked,Smartphones and Mobile,iPhone
Apple iPhone 12 Pro Max 128GB Silver Unlocked,Smartphones and Mobile,iPhone
Apple iPhone 12 Pro 256GB Gold Unlocked,Smartphones and Mobile,iPhone
Apple iPhone 12 64GB Black 3,Smartphones and Mobile,iPhone
Apple iPhone 12 64GB Green EE,Smartphones and Mobile,iPhone
Apple iPhone 12 256GB Green Unlocked,Smartphones and Mobile,iPhone
Apple iPhone 12 Pro 256GB Gold EE,Smartphones and Mobile,iPhone
Apple iPhone 12 64GB White Unlocked,Smartphones and Mobile,iPhone
Apple iPhone 12 256GB White EE,Smartphones and Mobile,iPhone
Apple iPhone 12 128GB Black Vodafone,Smartphones and Mobile,iPhone
Apple iPhone 12 Mini 256GB White Unlocked,Smartphones and Mobile,iPhone
Apple iPhone 12 Pro 512GB Graphite Vodafone,Smartphones and Mobile,iPhone
Apple iPhone 12 128GB Purple 3,Smartphones and Mobile,iPhone
Apple iPhone 12 Mini 128GB Purple Unlocked,Smartphones and Mobile,iPhone
Apple iPhone 12 256GB Black Unlocked,Smartphones and Mobile,iPhone
Apple iPhone 12 64GB White Vodafone,Smartphones and Mobile,iPhone
Apple iPhone 13 Pro 128GB Alpine Green 3,Smartphones and Mobile,iPhone
Apple iPhone 13 512GB Product Red Unlocked,Smartphones and Mobile,iPhone
Apple iPhone 13 128GB Pink EE,Smartphones and Mobile,iPhone
Apple iPhone 13 Pro 1TB Graphite EE,Smartphones and Mobile,iPhone
Apple iPhone 13 128GB Blue Unlocked,Smartphones and Mobile,iPhone
Apple iPhone 13 Pro Max 512GB Graphite EE,Smartphones and Mobile,iPhone
Apple iPhone 13 128GB Pink Vodafone,Smartphones and Mobile,iPhone
Apple iPhone 13 Mini 128GB Green Unlocked,Smartphones and Mobile,iPhone
Apple iPhone 13 Mini 256GB Pink Unlocked,Smartphones and Mobile,iPhone
Apple iPhone 13 128GB Product Red Vodafone,Smartphones and Mobile,iPhone
Apple iPhone 13 Mini 256GB Blue Unlocked,Smartphones and Mobile,iPhone
Apple iPhone 13 Pro 512GB Silver EE,Smartphones and Mobile,iPhone
Apple iPhone 13 Mini 128GB Blue Unlocked,Smartphones and Mobile,iPhone
Apple iPhone 13 128GB Green O2,Smartphones and Mobile,iPhone
Apple iPhone 13 Pro 512GB Silver Unlocked,Smartphones and Mobile,iPhone
Apple iPhone 13 Pro Max 1TB Sierra Blue EE,Smartphones and Mobile,iPhone
Apple iPhone 13 256GB Blue EE,Smartphones and Mobile,iPhone
Apple iPhone 13 Pro Max 128GB Silver Vodafone,Smartphones and Mobile,iPhone
Apple iPhone 13 256GB Product Red Unlocked,Smartphones and Mobile,iPhone
Apple iPhone 13 256GB Pink Unlocked,Smartphones and Mobile,iPhone
Apple iPhone 13 512GB Pink Vodafone,Smartphones and Mobile,iPhone
Apple iPhone 13 Pro Max 256GB Sierra Blue Unlocked,Smartphones and Mobile,iPhone
Apple iPhone 13 Pro Max 128GB Graphite EE,Smartphones and Mobile,iPhone
Apple iPhone 13 Pro Max 1TB Sierra Blue Vodafone,Smartphones and Mobile,iPhone
Apple iPhone 13 Pro Max 128GB Sierra Blue EE,Smartphones and Mobile,iPhone
Apple iPhone 13 Pro Max 128GB Graphite Vodafone,Smartphones and Mobile,iPhone
Apple iPhone 13 Pro 128GB Alpine Green EE,Smartphones and Mobile,iPhone
Apple iPhone 13 Pro Max 1TB Alpine Green Unlocked,Smartphones and Mobile,iPhone
Apple iPhone 13 Pro Max 1TB Graphite Vodafone,Smartphones and Mobile,iPhone
Apple iPhone 13 Pro Max 128GB Silver Unlocked,Smartphones and Mobile,iPhone
Apple iPhone 13 Mini 128GB Pink Vodafone,Smartphones and Mobile,iPhone
Apple iPhone 13 Pro 256GB Alpine Green Vodafone,Smartphones and Mobile,iPhone
Apple iPhone 13 Pro Max 1TB Graphite Unlocked,Smartphones and Mobile,iPhone
Apple iPhone 13 Pro 128GB Graphite Vodafone,Smartphones and Mobile,iPhone
Apple iPhone 13 Mini 128GB Midnight Unlocked,Smartphones and Mobile,iPhone
Apple iPhone 13 Mini 128GB Product Red Unlocked,Smartphones and Mobile,iPhone
Apple iPhone 13 Pro 128GB Silver Unlocked,Smartphones and Mobile,iPhone
Apple iPhone 13 Pro 256GB Silver Unlocked,Smartphones and Mobile,iPhone
Apple iPhone 13 Pro Max 256GB Graphite Vodafone,Smartphones and Mobile,iPhone
Apple iPhone 13 256GB Starlight Unlocked,Smartphones and Mobile,iPhone
Apple iPhone 13 Pro 128GB Gold Unlocked,Smartphones and Mobile,iPhone
Apple iPhone 13 Pro Max 256GB Graphite EE,Smartphones and Mobile,iPhone
Apple iPhone 13 Pro 512GB Sierra Blue O2,Smartphones and Mobile,iPhone
Apple iPhone 13 Pro 256GB Graphite EE,Smartphones and Mobile,iPhone
Apple iPhone 13 128GB Starlight O2,Smartphones and Mobile,iPhone
Apple iPhone 13 128GB Green Vodafone,Smartphones and Mobile,iPhone
Apple iPhone 13 Mini 256GB Starlight Unlocked,Smartphones and Mobile,iPhone
Apple iPhone 13 Pro 128GB Sierra Blue O2,Smartphones and Mobile,iPhone
Apple iPhone 13 Pro Max 128GB Gold EE,Smartphones and Mobile,iPhone
Apple iPhone 13 Pro Max 128GB Alpine Green Unlocked,Smartphones and Mobile,iPhone
Apple iPhone 13 Pro Max 128GB Gold Vodafone,Smartphones and Mobile,iPhone
Apple iPhone 13 Pro 256GB Sierra Blue Unlocked,Smartphones and Mobile,iPhone
Apple iPhone 13 Pro 128GB Gold O2,Smartphones and Mobile,iPhone
Apple iPhone 13 128GB Starlight Unlocked,Smartphones and Mobile,iPhone
Apple iPhone 13 Pro Max 128GB Gold Unlocked,Smartphones and Mobile,iPhone
Apple iPhone 13 256GB Green Unlocked,Smartphones and Mobile,iPhone
Apple iPhone 13 Pro 128GB Sierra Blue Unlocked,Smartphones and Mobile,iPhone
Apple iPhone 13 Pro Max 1TB Silver Unlocked,Smartphones and Mobile,iPhone
Apple iPhone 13 Pro Max 512GB Alpine Green Unlocked,Smartphones and Mobile,iPhone
Apple iPhone 13 128GB Blue Vodafone,Smartphones and Mobile,iPhone
Apple iPhone 13 Pro Max 128GB Sierra Blue O2,Smartphones and Mobile,iPhone
Apple iPhone 13 Pro Max 256GB Silver Unlocked,Smartphones and Mobile,iPhone
Apple iPhone 13 Mini 512GB Pink Unlocked,Smartphones and Mobile,iPhone
Apple iPhone 13 128GB Starlight EIR,Smartphones and Mobile,iPhone
Apple iPhone 13 Pro Max 256GB Gold Unlocked,Smartphones and Mobile,iPhone
Apple iPhone 13 Pro 256GB Sierra Blue EE,Smartphones and Mobile,iPhone
Apple iPhone 13 128GB Midnight O2,Smartphones and Mobile,iPhone
Apple iPhone 13 Pro 128GB Graphite O2,Smartphones and Mobile,iPhone
Apple iPhone 13 Pro 128GB Graphite Unlocked,Smartphones and Mobile,iPhone
Apple iPhone 13 128GB Product Red EE,Smartphones and Mobile,iPhone
Apple iPhone 13 512GB Pink Unlocked,Smartphones and Mobile,iPhone
Apple iPhone 13 512GB Starlight Unlocked,Smartphones and Mobile,iPhone
Apple iPhone 13 Pro 512GB Sierra Blue EE,Smartphones and Mobile,iPhone
Apple iPhone 13 Mini 512GB Midnight Unlocked,Smartphones and Mobile,iPhone
Apple iPhone 13 Pro 128GB Sierra Blue EE,Smartphones and Mobile,iPhone
Apple iPhone 13 Pro 128GB Gold EE,Smartphones and Mobile,iPhone
Apple iPhone 13 Pro 512GB Sierra Blue Unlocked,Smartphones and Mobile,iPhone
Apple iPhone 13 Pro Max 256GB Alpine Green Unlocked,Smartphones and Mobile,iPhone
Apple iPhone 13 512GB Green Unlocked,Smartphones and Mobile,iPhone
Apple iPhone 13 128GB Product Red 3,Smartphones and Mobile,iPhone
Apple iPhone 13 128GB Pink Unlocked,Smartphones and Mobile,iPhone
Apple iPhone 13 Pro Max 512GB Graphite Unlocked,Smartphones and Mobile,iPhone
Apple iPhone 13 Pro Max 1TB Gold Unlocked,Smartphones and Mobile,iPhone
Apple iPhone 13 128GB Starlight Vodafone,Smartphones and Mobile,iPhone
Apple iPhone 13 512GB Midnight Unlocked,Smartphones and Mobile,iPhone
Apple iPhone 13 Pro Max 1TB Gold EE,Smartphones and Mobile,iPhone
Apple iPhone 13 Pro 128GB Gold Vodafone,Smartphones and Mobile,iPhone
Apple iPhone 13 256GB Starlight EE,Smartphones and Mobile,iPhone
Apple iPhone 13 Pro 256GB Alpine Green Unlocked,Smartphones and Mobile,iPhone
Apple iPhone 13 Pro 256GB Gold Vodafone,Smartphones and Mobile,iPhone
Apple iPhone 13 512GB Midnight Vodafone,Smartphones and Mobile,iPhone
Apple iPhone 13 Pro Max 128GB Alpine Green Vodafone,Smartphones and Mobile,iPhone
Apple iPhone 13 Pro 256GB Gold Unlocked,Smartphones and Mobile,iPhone
Apple iPhone 13 Mini 128GB Starlight Unlocked,Smartphones and Mobile,iPhone
Apple iPhone 13 Pro 128GB Sierra Blue Vodafone,Smartphones and Mobile,iPhone
Apple iPhone 13 128GB Midnight EE,Smartphones and Mobile,iPhone
Apple iPhone 13 Pro Max 128GB Sierra Blue Unlocked,Smartphones and Mobile,iPhone
Apple iPhone 13 Pro 1TB Gold Unlocked,Smartphones and Mobile,iPhone
Apple iPhone 13 Mini 128GB Starlight Vodafone,Smartphones and Mobile,iPhone
Apple iPhone 13 Pro Max 512GB Gold Unlocked,Smartphones and Mobile,iPhone
Apple iPhone 13 Mini 128GB Pink Unlocked,Smartphones and Mobile,iPhone
Apple iPhone 13 Pro Max 512GB Sierra Blue Unlocked,Smartphones and Mobile,iPhone
Apple iPhone 13 Mini 512GB Blue Unlocked,Smartphones and Mobile,iPhone
Apple iPhone 13 128GB Green EE,Smartphones and Mobile,iPhone
Apple iPhone 13 Mini 128GB Product Red Vodafone,Smartphones and Mobile,iPhone
Apple iPhone 13 128GB Blue O2,Smartphones and Mobile,iPhone
Apple iPhone 13 Mini 256GB Product Red Unlocked,Smartphones and Mobile,iPhone
Apple iPhone 13 Pro 256GB Sierra Blue O2,Smartphones and Mobile,iPhone
Apple iPhone 13 256GB Midnight Unlocked,Smartphones and Mobile,iPhone
Apple iPhone 13 Mini 512GB Starlight Unlocked,Smartphones and Mobile,iPhone
Apple iPhone 13 Pro 1TB Graphite Unlocked,Smartphones and Mobile,iPhone
Apple iPhone 13 Mini 128GB Blue Vodafone,Smartphones and Mobile,iPhone
Apple iPhone 13 Pro Max 1TB Graphite EE,Smartphones and Mobile,iPhone
Apple iPhone 13 Pro Max 128GB Gold O2,Smartphones and Mobile,iPhone
Apple iPhone 13 Pro Max 128GB Graphite O2,Smartphones and Mobile,iPhone
Apple iPhone 13 Pro 256GB Alpine Green EE,Smartphones and Mobile,iPhone
Apple iPhone 13 Mini 256GB Green Unlocked,Smartphones and Mobile,iPhone
Apple iPhone 13 128GB Midnight Unlocked,Smartphones and Mobile,iPhone
Apple iPhone 13 128GB Midnight Vodafone,Smartphones and Mobile,iPhone
Apple iPhone 13 Pro 1TB Graphite 3,Smartphones and Mobile,iPhone
Apple iPhone 13 Mini 512GB Green Unlocked,Smartphones and Mobile,iPhone
Apple iPhone 13 Pro 256GB Graphite Unlocked,Smartphones and Mobile,iPhone
Apple iPhone 13 Pro Max 128GB Graphite Unlocked,Smartphones and Mobile,iPhone
Apple iPhone 13 128GB Pink 3,Smartphones and Mobile,iPhone
Apple iPhone 13 128GB Product Red Unlocked,Smartphones and Mobile,iPhone
Apple iPhone 13 256GB Blue O2,Smartphones and Mobile,iPhone
Apple iPhone 13 128GB Starlight EE,Smartphones and Mobile,iPhone
Apple iPhone 13 Pro 512GB Alpine Green Unlocked,Smartphones and Mobile,iPhone
Apple iPhone 13 Pro 1TB Alpine Green Unlocked,Smartphones and Mobile,iPhone
Apple iPhone 13 Pro Max 128GB Silver EE,Smartphones and Mobile,iPhone
Apple iPhone 13 512GB Blue Unlocked,Smartphones and Mobile,iPhone
Apple iPhone 13 Pro 128GB Graphite EE,Smartphones and Mobile,iPhone
Apple iPhone 13 Pro Max 512GB Silver Unlocked,Smartphones and Mobile,iPhone
Apple iPhone 13 Pro 256GB Graphite O2,Smartphones and Mobile,iPhone
Apple iPhone 13 Pro Max 256GB Graphite Unlocked,Smartphones and Mobile,iPhone
Apple iPhone 13 Mini 128GB Midnight Vodafone,Smartphones and Mobile,iPhone
Apple iPhone 13 Pro 1TB Sierra Blue Unlocked,Smartphones and Mobile,iPhone
Apple iPhone 13 Pro Max 1TB Sierra Blue Unlocked,Smartphones and Mobile,iPhone
Apple iPhone 13 Mini 256GB Midnight Unlocked,Smartphones and Mobile,iPhone
Apple iPhone 13 Pro 128GB Alpine Green Unlocked,Smartphones and Mobile,iPhone
Apple iPhone 13 256GB Blue Unlocked,Smartphones and Mobile,iPhone
Apple iPhone 13 Pro 512GB Graphite EE,Smartphones and Mobile,iPhone
Apple iPhone 13 Pro 256GB Gold O2,Smartphones and Mobile,iPhone
Apple iPhone 13 Pro Max 128GB Sierra Blue Vodafone,Smartphones and Mobile,iPhone
Apple iPhone 13 Pro 512GB Graphite Unlocked,Smartphones and Mobile,iPhone
Apple iPhone 13 128GB Green Unlocked,Smartphones and Mobile,iPhone
Apple iPhone 13 Mini 512GB Product Red Unlocked,Smartphones and Mobile,iPhone
Apple iPhone 13 128GB Pink O2,Smartphones and Mobile,iPhone
Apple iPhone 13 128GB Blue EE,Smartphones and Mobile,iPhone
Apple iPhone 13 Pro 1TB Silver Unlocked,Smartphones and Mobile,iPhone
Apple iPhone 13 Pro 512GB Gold Unlocked,Smartphones and Mobile,iPhone
Apple iPhone 14 Pro Max 256GB Silver Unlocked,Smartphones and Mobile,iPhone
Apple iPhone 14 Pro 256GB Space Black Unlocked,Smartphones and Mobile,iPhone
Apple iPhone 14 512GB Blue Unlocked,Smartphones and Mobile,iPhone
Apple iPhone 14 Pro 256GB Gold Unlocked,Smartphones and Mobile,iPhone
Apple iPhone 14 Pro Max 128GB Silver Unlocked,Smartphones and Mobile,iPhone
Apple iPhone 14 Plus 128GB Yellow Unlocked,Smartphones and Mobile,iPhone
Apple iPhone 14 128GB Yellow Unlocked,Smartphones and Mobile,iPhone
Apple iPhone 14 Pro Max 1TB Silver Unlocked,Smartphones and Mobile,iPhone
Apple iPhone 14 Pro Max 512GB Space Black Unlocked,Smartphones and Mobile,iPhone
Apple iPhone 14 Plus 512GB (PRODUCT)RED Unlocked,Smartphones and Mobile,iPhone
Apple iPhone 14 Pro 1TB Gold Unlocked,Smartphones and Mobile,iPhone
Apple iPhone 14 256GB Yellow Unlocked,Smartphones and Mobile,iPhone
Apple iPhone 14 Plus 256GB Starlight Unlocked,Smartphones and Mobile,iPhone
Apple iPhone 14 Pro Max 1TB Gold Unlocked,Smartphones and Mobile,iPhone
Apple iPhone 14 256GB (PRODUCT)RED Unlocked,Smartphones and Mobile,iPhone
Apple iPhone 14 128GB Purple Unlocked,Smartphones and Mobile,iPhone
Apple iPhone 14 Pro Max 256GB Deep Purple Unlocked,Smartphones and Mobile,iPhone
Apple iPhone 14 Pro 256GB Deep Purple Unlocked,Smartphones and Mobile,iPhone
Apple iPhone 14 Pro 512GB Deep Purple Unlocked,Smartphones and Mobile,iPhone
Apple iPhone 14 Pro 512GB Space Black Unlocked,Smartphones and Mobile,iPhone
Apple iPhone 14 512GB (PRODUCT)RED Unlocked,Smartphones and Mobile,iPhone
Apple iPhone 14 Plus 256GB Midnight Unlocked,Smartphones and Mobile,iPhone
Apple iPhone 14 Plus 256GB Yellow Unlocked,Smartphones and Mobile,iPhone
Apple iPhone 14 512GB Yellow Unlocked,Smartphones and Mobile,iPhone
Apple iPhone 14 256GB Blue Unlocked,Smartphones and Mobile,iPhone
Apple iPhone 14 Pro Max 1TB Space Black Unlocked,Smartphones and Mobile,iPhone
Apple iPhone 14 512GB Midnight Unlocked,Smartphones and Mobile,iPhone
Apple iPhone 14 Pro Max 128GB Gold Unlocked,Smartphones and Mobile,iPhone
Apple iPhone 14 512GB Purple Unlocked,Smartphones and Mobile,iPhone
Apple iPhone 14 Pro Max 128GB Deep Purple Unlocked,Smartphones and Mobile,iPhone
Apple iPhone 14 Plus 128GB Purple Unlocked,Smartphones and Mobile,iPhone
Apple iPhone 14 Pro Max 256GB Space Black Unlocked,Smartphones and Mobile,iPhone
Apple iPhone 14 Pro Max 256GB Gold Unlocked,Smartphones and Mobile,iPhone
Apple iPhone 14 Pro 512GB Gold Unlocked,Smartphones and Mobile,iPhone
Apple iPhone 14 Plus 512GB Starlight Unlocked,Smartphones and Mobile,iPhone
Apple iPhone 14 Pro 1TB Deep Purple Unlocked,Smartphones and Mobile,iPhone
Apple iPhone 14 Plus 256GB (PRODUCT)RED Unlocked,Smartphones and Mobile,iPhone
Apple iPhone 14 Plus 128GB Starlight Unlocked,Smartphones and Mobile,iPhone
Apple iPhone 14 Plus 512GB Blue Unlocked,Smartphones and Mobile,iPhone
Apple iPhone 14 Plus 256GB Purple Unlocked,Smartphones and Mobile,iPhone
Apple iPhone 14 Pro 128GB Deep Purple Unlocked,Smartphones and Mobile,iPhone
Apple iPhone 14 Plus 128GB (PRODUCT)RED Unlocked,Smartphones and Mobile,iPhone
Apple iPhone 14 256GB Starlight Unlocked,Smartphones and Mobile,iPhone
Apple iPhone 14 Pro Max 1TB Deep Purple Unlocked,Smartphones and Mobile,iPhone
Apple iPhone 14 Pro Max 512GB Deep Purple Unlocked,Smartphones and Mobile,iPhone
Apple iPhone 14 Pro 128GB Gold Unlocked,Smartphones and Mobile,iPhone
Apple iPhone 14 128GB Blue Unlocked,Smartphones and Mobile,iPhone
Apple iPhone 14 Pro 256GB Silver Unlocked,Smartphones and Mobile,iPhone
Apple iPhone 14 128GB Starlight Unlocked,Smartphones and Mobile,iPhone
Apple iPhone 14 Plus 128GB Blue Unlocked,Smartphones and Mobile,iPhone
Apple iPhone 14 Plus 512GB Yellow Unlocked,Smartphones and Mobile,iPhone
Apple iPhone 14 256GB Purple Unlocked,Smartphones and Mobile,iPhone
Apple iPhone 14 Pro 512GB Silver Unlocked,Smartphones and Mobile,iPhone
Apple iPhone 14 Pro Max 128GB Silver Tesco,Smartphones and Mobile,iPhone
Apple iPhone 14 Pro 1TB Space Black Unlocked,Smartphones and Mobile,iPhone
Apple iPhone 14 Pro Max 512GB Gold Unlocked,Smartphones and Mobile,iPhone
Apple iPhone 14 Pro 1TB Silver Unlocked,Smartphones and Mobile,iPhone
Apple iPhone 14 Pro 128GB Silver Unlocked,Smartphones and Mobile,iPhone
Apple iPhone 14 512GB Starlight Unlocked,Smartphones and Mobile,iPhone
Apple iPhone 14 Plus 256GB Blue Unlocked,Smartphones and Mobile,iPhone
Apple iPhone 14 Plus 128GB Midnight Unlocked,Smartphones and Mobile,iPhone
Apple iPhone 14 256GB Midnight Unlocked,Smartphones and Mobile,iPhone
Apple iPhone 14 Plus 512GB Midnight Unlocked,Smartphones and Mobile,iPhone
Apple iPhone 14 128GB Midnight Unlocked,Smartphones and Mobile,iPhone
Apple iPhone 14 Pro Max 128GB Space Black Unlocked,Smartphones and Mobile,iPhone
Apple iPhone 14 Pro Max 512GB Silver Unlocked,Smartphones and Mobile,iPhone
Apple iPhone 14 Pro 128GB Space Black Unlocked,Smartphones and Mobile,iPhone
Apple iPhone 14 Plus 512GB Purple Unlocked,Smartphones and Mobile,iPhone
Apple iPhone 14 128GB (PRODUCT)RED Unlocked,Smartphones and Mobile,iPhone
Apple iPhone 15 Pro Max 512GB Black Titanium Unlocked,Smartphones and Mobile,iPhone
Apple iPhone 15 Pro 1TB White Titanium Unlocked,Smartphones and Mobile,iPhone
Apple iPhone 15 128GB Pink Unlocked,Smartphones and Mobile,iPhone
Apple iPhone 15 Pro Max 256GB Natural Titanium Unlocked,Smartphones and Mobile,iPhone
Apple iPhone 15 Pro Max 1TB Black Titanium Unlocked,Smartphones and Mobile,iPhone
Apple iPhone 15 Pro Max 512GB Natural Titanium Unlocked,Smartphones and Mobile,iPhone
Apple iPhone 15 512GB Pink Unlocked,Smartphones and Mobile,iPhone
Apple iPhone 15 Plus 256GB Pink Unlocked,Smartphones and Mobile,iPhone
Apple iPhone 15 Pro 128GB Black Titanium Unlocked,Smartphones and Mobile,iPhone
Apple iPhone 15 128GB Green Unlocked,Smartphones and Mobile,iPhone
Apple iPhone 15 128GB Yellow Unlocked,Smartphones and Mobile,iPhone
Apple iPhone 15 Pro Max 256GB White Titanium Unlocked,Smartphones and Mobile,iPhone
Apple iPhone 15 Plus 128GB Green Unlocked,Smartphones and Mobile,iPhone
Apple iPhone 15 Pro 128GB Natural Titanium Unlocked,Smartphones and Mobile,iPhone
Apple iPhone 15 256GB Blue Unlocked,Smartphones and Mobile,iPhone
Apple iPhone 15 256GB Black Unlocked,Smartphones and Mobile,iPhone
Apple iPhone 15 256GB Green Unlocked,Smartphones and Mobile,iPhone
Apple iPhone 15 Plus 128GB Pink Unlocked,Smartphones and Mobile,iPhone
Apple iPhone 15 128GB Black Unlocked,Smartphones and Mobile,iPhone
Apple iPhone 15 128GB Blue Unlocked,Smartphones and Mobile,iPhone
Apple iPhone 15 Pro Max 1TB White Titanium Unlocked,Smartphones and Mobile,iPhone
Apple iPhone 15 Pro 512GB Blue Titanium Unlocked,Smartphones and Mobile,iPhone
Apple iPhone 15 Pro Max 1TB Blue Titanium Unlocked,Smartphones and Mobile,iPhone
Apple iPhone 15 Plus 512GB Black Unlocked,Smartphones and Mobile,iPhone
Apple iPhone 15 Pro Max 256GB Blue Titanium Unlocked,Smartphones and Mobile,iPhone
Apple iPhone 15 Pro 512GB Black Titanium Unlocked,Smartphones and Mobile,iPhone
Apple iPhone 15 Plus 256GB Blue Unlocked,Smartphones and Mobile,iPhone
Apple iPhone 15 Plus 128GB Black Unlocked,Smartphones and Mobile,iPhone
Apple iPhone 15 Plus 512GB Blue Unlocked,Smartphones and Mobile,iPhone
Apple iPhone 15 256GB Yellow Unlocked,Smartphones and Mobile,iPhone
Apple iPhone 15 512GB Black Unlocked,Smartphones and Mobile,iPhone
Apple iPhone 15 Pro Max 512GB Blue Titanium Unlocked,Smartphones and Mobile,iPhone
Apple iPhone 15 Pro 1TB Black Titanium Unlocked,Smartphones and Mobile,iPhone
Apple iPhone 15 Pro 128GB White Titanium Unlocked,Smartphones and Mobile,iPhone
Apple iPhone 15 Pro 256GB White Titanium Unlocked,Smartphones and Mobile,iPhone
Apple iPhone 15 256GB Pink Unlocked,Smartphones and Mobile,iPhone
Apple iPhone 15 Pro 512GB Natural Titanium Unlocked,Smartphones and Mobile,iPhone
Apple iPhone 15 Pro 128GB Blue Titanium Unlocked,Smartphones and Mobile,iPhone
Apple iPhone 15 Pro 256GB Blue Titanium Unlocked,Smartphones and Mobile,iPhone
Apple iPhone 15 Plus 512GB Green Unlocked,Smartphones and Mobile,iPhone
Apple iPhone 15 Pro Max 1TB Natural Titanium Unlocked,Smartphones and Mobile,iPhone
Apple iPhone 15 Pro 1TB Blue Titanium Unlocked,Smartphones and Mobile,iPhone
Apple iPhone 15 Pro Max 512GB White Titanium Unlocked,Smartphones and Mobile,iPhone
Apple iPhone 15 Plus 512GB Pink Unlocked,Smartphones and Mobile,iPhone
Apple iPhone 15 Plus 256GB Yellow Unlocked,Smartphones and Mobile,iPhone
Apple iPhone 15 512GB Green Unlocked,Smartphones and Mobile,iPhone
Apple iPhone 15 Pro 512GB White Titanium Unlocked,Smartphones and Mobile,iPhone
Apple iPhone 15 Plus 512GB Yellow Unlocked,Smartphones and Mobile,iPhone
Apple iPhone 15 Pro 256GB Black Titanium Unlocked,Smartphones and Mobile,iPhone
Apple iPhone 15 Pro 256GB Natural Titanium Unlocked,Smartphones and Mobile,iPhone
Apple iPhone 15 512GB Blue Unlocked,Smartphones and Mobile,iPhone
Apple iPhone 15 Plus 256GB Green Unlocked,Smartphones and Mobile,iPhone
Apple iPhone 15 Plus 256GB Black Unlocked,Smartphones and Mobile,iPhone
Apple iPhone 15 Plus 128GB Yellow Unlocked,Smartphones and Mobile,iPhone
Apple iPhone 15 512GB Yellow Unlocked,Smartphones and Mobile,iPhone
Apple iPhone 15 Pro 1TB Natural Titanium Unlocked,Smartphones and Mobile,iPhone
Apple iPhone 15 Pro Max 256GB Black Titanium Unlocked,Smartphones and Mobile,iPhone
Apple iPhone 15 Plus 128GB Blue Unlocked,Smartphones and Mobile,iPhone
Apple iPhone 16 Pro Max 1TB Natural Titanium Unlocked,Smartphones and Mobile,iPhone
Apple iPhone 16 128GB Ultramarine Unlocked,Smartphones and Mobile,iPhone
Apple iPhone 16 Plus 256GB Black Unlocked,Smartphones and Mobile,iPhone
Apple iPhone 16 Pro 1TB Natural Titanium Unlocked,Smartphones and Mobile,iPhone
Apple iPhone 16 Plus 512GB Ultramarine Unlocked,Smartphones and Mobile,iPhone
Apple iPhone 16 Plus 256GB Pink Unlocked,Smartphones and Mobile,iPhone
Apple iPhone 16 Pro Max 512GB Natural Titanium Unlocked,Smartphones and Mobile,iPhone
Apple iPhone 16 Pro 128GB Black Titanium Unlocked,Smartphones and Mobile,iPhone
Apple iPhone 16 256GB White Unlocked,Smartphones and Mobile,iPhone
Apple iPhone 16 Pro Max 256GB Natural Titanium Unlocked,Smartphones and Mobile,iPhone
Apple iPhone 16 Pro 128GB Natural Titanium Unlocked,Smartphones and Mobile,iPhone
Apple iPhone 16 Pro 1TB Black Titanium Unlocked,Smartphones and Mobile,iPhone
Apple iPhone 16 Pro 1TB White Titanium Unlocked,Smartphones and Mobile,iPhone
Apple iPhone 16 128GB Pink Unlocked,Smartphones and Mobile,iPhone
Apple iPhone 16 Plus 128GB Pink Unlocked,Smartphones and Mobile,iPhone
Apple iPhone 16 Pro Max 1TB White Titanium Unlocked,Smartphones and Mobile,iPhone
Apple iPhone 16e 512GB White Unlocked,Smartphones and Mobile,iPhone
Apple iPhone 16 Pro 128GB Desert Titanium Unlocked,Smartphones and Mobile,iPhone
Apple iPhone 16 Pro 256GB White Titanium Unlocked,Smartphones and Mobile,iPhone
Apple iPhone 16 Plus 512GB Black Unlocked,Smartphones and Mobile,iPhone
Apple iPhone 16 Pro Max 512GB Black Titanium Unlocked,Smartphones and Mobile,iPhone
Apple iPhone 16 Pro 256GB Desert Titanium Unlocked,Smartphones and Mobile,iPhone
Apple iPhone 16 128GB Teal Unlocked,Smartphones and Mobile,iPhone
Apple iPhone 16 128GB Black Unlocked,Smartphones and Mobile,iPhone
Apple iPhone 16 Pro Max 512GB Desert Titanium Unlocked,Smartphones and Mobile,iPhone
Apple iPhone 16 Pro 512GB Desert Titanium Unlocked,Smartphones and Mobile,iPhone
Apple iPhone 16 Plus 512GB Pink Unlocked,Smartphones and Mobile,iPhone
Apple iPhone 16 Plus 128GB Black Unlocked,Smartphones and Mobile,iPhone
Apple iPhone 16 Pro Max 512GB White Titanium Unlocked,Smartphones and Mobile,iPhone
Apple iPhone 16 256GB Ultramarine Unlocked,Smartphones and Mobile,iPhone
Apple iPhone 16e 256GB Black Unlocked,Smartphones and Mobile,iPhone
Apple iPhone 16 Pro Max 256GB White Titanium Unlocked,Smartphones and Mobile,iPhone
Apple iPhone 16 Plus 256GB Ultramarine Unlocked,Smartphones and Mobile,iPhone
Apple iPhone 16 Plus 128GB Teal Unlocked,Smartphones and Mobile,iPhone
Apple iPhone 16 Plus 512GB White Unlocked,Smartphones and Mobile,iPhone
Apple iPhone 16 Pro 512GB Natural Titanium Unlocked,Smartphones and Mobile,iPhone
Apple iPhone 16 Plus 256GB White Unlocked,Smartphones and Mobile,iPhone
Apple iPhone 16 256GB Black Unlocked,Smartphones and Mobile,iPhone
Apple iPhone 16 512GB Teal Unlocked,Smartphones and Mobile,iPhone
Apple iPhone 16 512GB White Unlocked,Smartphones and Mobile,iPhone
Apple iPhone 16e 256GB White Unlocked,Smartphones and Mobile,iPhone
Apple iPhone 16 Plus 128GB White Unlocked,Smartphones and Mobile,iPhone
Apple iPhone 16 Plus 256GB Teal Unlocked,Smartphones and Mobile,iPhone
Apple iPhone 16e 512GB Black Unlocked,Smartphones and Mobile,iPhone
Apple iPhone 16 256GB Pink Unlocked,Smartphones and Mobile,iPhone
Apple iPhone 16 Pro 128GB White Titanium Unlocked,Smartphones and Mobile,iPhone
Apple iPhone 16 Pro 512GB Black Titanium Unlocked,Smartphones and Mobile,iPhone
Apple iPhone 16e 128GB Black Unlocked,Smartphones and Mobile,iPhone
Apple iPhone 16 Pro Max 1TB Desert Titanium Unlocked,Smartphones and Mobile,iPhone
Apple iPhone 16 512GB Ultramarine Unlocked,Smartphones and Mobile,iPhone
Apple iPhone 16e 128GB White Unlocked,Smartphones and Mobile,iPhone
Apple iPhone 16 Pro 512GB White Titanium Unlocked,Smartphones and Mobile,iPhone
Apple iPhone 16 Pro 256GB Natural Titanium Unlocked,Smartphones and Mobile,iPhone
Apple iPhone 16 Plus 512GB Teal Unlocked,Smartphones and Mobile,iPhone
Apple iPhone 16 512GB Black Unlocked,Smartphones and Mobile,iPhone
Apple iPhone 16 Pro Max 1TB Black Titanium Unlocked,Smartphones and Mobile,iPhone
Apple iPhone 16 512GB Pink Unlocked,Smartphones and Mobile,iPhone
Apple iPhone 16 256GB Teal Unlocked,Smartphones and Mobile,iPhone
Apple iPhone 16 Pro 256GB Black Titanium Unlocked,Smartphones and Mobile,iPhone
Apple iPhone 16 Plus 128GB Ultramarine Unlocked,Smartphones and Mobile,iPhone
Apple iPhone 16 Pro Max 256GB Black Titanium Unlocked,Smartphones and Mobile,iPhone
Apple iPhone 16 128GB White Unlocked,Smartphones and Mobile,iPhone
Apple iPhone 16 Pro 1TB Desert Titanium Unlocked,Smartphones and Mobile,iPhone
Apple iPhone 16 Pro Max 256GB Desert Titanium Unlocked,Smartphones and Mobile,iPhone
Apple iPhone 17 Pro (A3523) 256GB Silver Unlocked,Smartphones and Mobile,iPhone
Apple iPhone 17 (A3520) 512GB Sage Unlocked,Smartphones and Mobile,iPhone
Apple iPhone 17 Pro Max (A3526) 512GB Deep Blue Unlocked,Smartphones and Mobile,iPhone
Apple iPhone 17 (A3520) 256GB White Unlocked,Smartphones and Mobile,iPhone
Apple iPhone 17 Pro (A3523) 1TB Silver Unlocked,Smartphones and Mobile,iPhone
Apple iPhone 17 Pro Max (A3526) 2TB Deep Blue Unlocked,Smartphones and Mobile,iPhone
Apple iPhone 17 Pro Max (A3526) 2TB Silver Unlocked,Smartphones and Mobile,iPhone
Apple iPhone 17 (A3520) 512GB Mist Blue Unlocked,Smartphones and Mobile,iPhone
Apple iPhone 17 Pro Max (A3526) 1TB Silver Unlocked,Smartphones and Mobile,iPhone
Apple iPhone 17 Pro Max (A3526) 256GB Cosmic Orange Unlocked,Smartphones and Mobile,iPhone
Apple iPhone 17 Pro (A3523) 512GB Cosmic Orange Unlocked,Smartphones and Mobile,iPhone
Apple iPhone 17 (A3520) 256GB Mist Blue Unlocked,Smartphones and Mobile,iPhone
Apple iPhone 17 (A3520) 512GB Black Unlocked,Smartphones and Mobile,iPhone
Apple iPhone 17 Pro (A3523) 256GB Cosmic Orange Unlocked,Smartphones and Mobile,iPhone
Apple iPhone 17 Pro (A3523) 256GB Deep Blue Unlocked,Smartphones and Mobile,iPhone
Apple iPhone 17 (A3520) 512GB Lavender Unlocked,Smartphones and Mobile,iPhone
Apple iPhone 17 Pro Max (A3526) 512GB Silver Unlocked,Smartphones and Mobile,iPhone
Apple iPhone 17 (A3520) 256GB Sage Unlocked,Smartphones and Mobile,iPhone
Apple iPhone 17 (A3520) 256GB Black Unlocked,Smartphones and Mobile,iPhone
Apple iPhone 17 Pro Max (A3526) 1TB Cosmic Orange Unlocked,Smartphones and Mobile,iPhone
Apple iPhone 17 Pro Max (A3526) 256GB Silver Unlocked,Smartphones and Mobile,iPhone
Apple iPhone 17 (A3520) 256GB Lavender Unlocked,Smartphones and Mobile,iPhone
Apple iPhone 17 Pro (A3523) 512GB Deep Blue Unlocked,Smartphones and Mobile,iPhone
Apple iPhone 17 Pro Max (A3526) 512GB Cosmic Orange Unlocked,Smartphones and Mobile,iPhone
Apple iPhone 17 Pro Max (A3526) 1TB Deep Blue Unlocked,Smartphones and Mobile,iPhone
Apple iPhone 17 Pro (A3523) 1TB Deep Blue Unlocked,Smartphones and Mobile,iPhone
Apple iPhone 17 Pro Max (A3526) 256GB Deep Blue Unlocked,Smartphones and Mobile,iPhone
Apple iPhone 17 (A3520) 512GB White Unlocked,Smartphones and Mobile,iPhone
Apple iPhone 17 Pro (A3523) 1TB Cosmic Orange Unlocked,Smartphones and Mobile,iPhone
Apple iPhone 17 Pro Max (A3526) 2TB Cosmic Orange Unlocked,Smartphones and Mobile,iPhone
Apple iPhone 17 Pro (A3523) 512GB Silver Unlocked,Smartphones and Mobile,iPhone
Apple iPhone Air (A3517) 256GB Cloud White Unlocked,Smartphones and Mobile,iPhone
Apple iPhone Air (A3517) 512GB Sky Blue Unlocked,Smartphones and Mobile,iPhone
Apple iPhone Air (A3517) 1TB Space Black Unlocked,Smartphones and Mobile,iPhone
Apple iPhone Air (A3517) 512GB Light Gold Unlocked,Smartphones and Mobile,iPhone
Apple iPhone Air (A3517) 256GB Light Gold Unlocked,Smartphones and Mobile,iPhone
Apple iPhone Air (A3517) 512GB Space Black Unlocked,Smartphones and Mobile,iPhone
Apple iPhone Air (A3517) 1TB Light Gold Unlocked,Smartphones and Mobile,iPhone
Apple iPhone Air (A3517) 1TB Cloud White Unlocked,Smartphones and Mobile,iPhone
Apple iPhone Air (A3517) 512GB Cloud White Unlocked,Smartphones and Mobile,iPhone
Apple iPhone Air (A3517) 1TB Sky Blue Unlocked,Smartphones and Mobile,iPhone
Apple iPhone Air (A3517) 256GB Sky Blue Unlocked,Smartphones and Mobile,iPhone
Apple iPhone Air (A3517) 256GB Space Black Unlocked,Smartphones and Mobile,iPhone
Apple iPhone 7 Plus 256GB Rose Gold EE,Smartphones and Mobile,iPhone
Apple iPhone SE 128GB Space Grey Unlocked,Smartphones and Mobile,iPhone
Apple iPhone 7 Plus 128GB Black Vodafone,Smartphones and Mobile,iPhone
Apple iPhone 7 Plus 256GB Red Unlocked,Smartphones and Mobile,iPhone
Apple iPhone 7 Plus 128GB Gold O2,Smartphones and Mobile,iPhone
Apple iPhone 7 32GB Black O2,Smartphones and Mobile,iPhone
Apple iPhone SE 16GB Gold Vodafone,Smartphones and Mobile,iPhone
Apple iPhone SE 16GB Rose Gold ID,Smartphones and Mobile,iPhone
Apple iPhone 7 256GB Jet Black Vodafone,Smartphones and Mobile,iPhone
Apple iPhone SE 128GB Silver Unlocked,Smartphones and Mobile,iPhone
Apple iPhone 7 256GB Jet Black O2,Smartphones and Mobile,iPhone
Apple iPhone SE 128GB Space Grey Vodafone,Smartphones and Mobile,iPhone
Apple iPhone 7 Plus 256GB Black O2,Smartphones and Mobile,iPhone
Apple iPhone 7 256GB Silver O2,Smartphones and Mobile,iPhone
Apple iPhone 7 Plus 128GB Jet Black Vodafone,Smartphones and Mobile,iPhone
Apple iPhone 7 32GB Silver O2,Smartphones and Mobile,iPhone
Apple iPhone 7 32GB Gold O2,Smartphones and Mobile,iPhone
Apple iPhone SE 16GB Gold Tesco,Smartphones and Mobile,iPhone
Apple iPhone SE 32GB Silver Virgin,Smartphones and Mobile,iPhone
Apple iPhone 7 Plus 256GB Red EE,Smartphones and Mobile,iPhone
Apple iPhone SE 32GB Rose Gold EE,Smartphones and Mobile,iPhone
Apple iPhone SE 128GB Gold EE,Smartphones and Mobile,iPhone
Apple iPhone 7 Plus 32GB Black O2,Smartphones and Mobile,iPhone
Apple iPhone SE 64GB Silver 3,Smartphones and Mobile,iPhone
Apple iPhone 7 32GB Rose Gold O2,Smartphones and Mobile,iPhone
Apple iPhone SE 16GB Space Grey Unlocked,Smartphones and Mobile,iPhone
Apple iPhone 7 Plus 128GB Red EE,Smartphones and Mobile,iPhone
Apple iPhone 7 Plus 256GB Gold EE,Smartphones and Mobile,iPhone
Apple iPhone SE 32GB Gold EE,Smartphones and Mobile,iPhone
Apple iPhone 7 128GB Jet Black Tesco,Smartphones and Mobile,iPhone
Apple iPhone 7 Plus 256GB Rose Gold Unlocked,Smartphones and Mobile,iPhone
Apple iPhone 7 256GB Gold EE,Smartphones and Mobile,iPhone
Apple iPhone 7 Plus 128GB Silver Vodafone,Smartphones and Mobile,iPhone
Apple iPhone 7 256GB Red Vodafone,Smartphones and Mobile,iPhone
Apple iPhone 7 Plus 128GB Rose Gold Tesco,Smartphones and Mobile,iPhone
Apple iPhone 7 Plus 128GB Jet Black Unlocked,Smartphones and Mobile,iPhone
Apple iPhone 7 Plus 256GB Jet Black EE,Smartphones and Mobile,iPhone
Apple iPhone SE 64GB Rose Gold Unlocked,Smartphones and Mobile,iPhone
Apple iPhone SE 32GB Rose Gold O2,Smartphones and Mobile,iPhone
Apple iPhone SE 128GB Rose Gold Tesco,Smartphones and Mobile,iPhone
Apple iPhone 7 32GB Silver Virgin,Smartphones and Mobile,iPhone
Apple iPhone SE 16GB Gold Unlocked,Smartphones and Mobile,iPhone
Apple iPhone SE 16GB Silver Vodafone,Smartphones and Mobile,iPhone
Apple iPhone 7 Plus 128GB Rose Gold Unlocked,Smartphones and Mobile,iPhone
Apple iPhone 7 256GB Rose Gold Vodafone,Smartphones and Mobile,iPhone
Apple iPhone 7 Plus 128GB Black O2,Smartphones and Mobile,iPhone
Apple iPhone 7 Plus 32GB Gold Unlocked,Smartphones and Mobile,iPhone
Apple iPhone 7 Plus 32GB Silver Virgin,Smartphones and Mobile,iPhone
Apple iPhone SE 32GB Space Grey O2,Smartphones and Mobile,iPhone
Apple iPhone 7 Plus 32GB Black Vodafone,Smartphones and Mobile,iPhone
Apple iPhone 7 256GB Jet Black Unlocked,Smartphones and Mobile,iPhone
Apple iPhone 7 Plus 32GB Silver Unlocked,Smartphones and Mobile,iPhone
Apple iPhone SE 64GB Space Grey EE,Smartphones and Mobile,iPhone
Apple iPhone SE 32GB Rose Gold 3,Smartphones and Mobile,iPhone
Apple iPhone SE 16GB Space Grey O2,Smartphones and Mobile,iPhone
Apple iPhone 7 256GB Black Unlocked,Smartphones and Mobile,iPhone
Apple iPhone 7 32GB Black Vodafone,Smartphones and Mobile,iPhone
Apple iPhone 7 256GB Red O2,Smartphones and Mobile,iPhone
Apple iPhone 7 Plus 256GB Red Vodafone,Smartphones and Mobile,iPhone
Apple iPhone SE 32GB Silver O2,Smartphones and Mobile,iPhone
Apple iPhone 7 128GB Red EE,Smartphones and Mobile,iPhone
Apple iPhone 7 Plus 32GB Jet Black Unlocked,Smartphones and Mobile,iPhone
Apple iPhone SE 16GB Silver EE,Smartphones and Mobile,iPhone
Apple iPhone 7 Plus 32GB Silver O2,Smartphones and Mobile,iPhone
Apple iPhone SE 32GB Rose Gold Virgin,Smartphones and Mobile,iPhone
Apple iPhone 7 256GB Red EE,Smartphones and Mobile,iPhone
Apple iPhone SE 32GB Gold ID,Smartphones and Mobile,iPhone
Apple iPhone SE 32GB Space Grey Unlocked,Smartphones and Mobile,iPhone
Apple iPhone 7 Plus 32GB Rose Gold Vodafone,Smartphones and Mobile,iPhone
Apple iPhone SE 64GB Gold Vodafone,Smartphones and Mobile,iPhone
Apple iPhone SE 128GB Rose Gold Unlocked,Smartphones and Mobile,iPhone
Apple iPhone 7 Plus 128GB Rose Gold Vodafone,Smartphones and Mobile,iPhone
Apple iPhone 7 Plus 128GB Gold Virgin,Smartphones and Mobile,iPhone
Apple iPhone 7 Plus 32GB Jet Black Tesco,Smartphones and Mobile,iPhone
Apple iPhone 7 256GB Silver Unlocked,Smartphones and Mobile,iPhone
Apple iPhone 7 Plus 128GB Red Tesco,Smartphones and Mobile,iPhone
Apple iPhone SE 128GB Space Grey EE,Smartphones and Mobile,iPhone
Apple iPhone SE 64GB Rose Gold EE,Smartphones and Mobile,iPhone
Apple iPhone 7 Plus 256GB Black Vodafone,Smartphones and Mobile,iPhone
Apple iPhone SE 128GB Rose Gold Vodafone,Smartphones and Mobile,iPhone
Apple iPhone SE 64GB Space Grey O2,Smartphones and Mobile,iPhone
Apple iPhone SE 16GB Space Grey ID,Smartphones and Mobile,iPhone
Apple iPhone SE 32GB Space Grey Tesco,Smartphones and Mobile,iPhone
Apple iPhone 7 Plus 256GB Silver EE,Smartphones and Mobile,iPhone
Apple iPhone 7 Plus 256GB Rose Gold Vodafone,Smartphones and Mobile,iPhone
Apple iPhone 7 Plus 32GB Rose Gold Unlocked,Smartphones and Mobile,iPhone
Apple iPhone 7 256GB Gold O2,Smartphones and Mobile,iPhone
Apple iPhone 7 Plus 128GB Silver EE,Smartphones and Mobile,iPhone
Apple iPhone SE 16GB Rose Gold Unlocked,Smartphones and Mobile,iPhone
Apple iPhone 7 Plus 256GB Jet Black Unlocked,Smartphones and Mobile,iPhone
Apple iPhone 7 128GB Black O2,Smartphones and Mobile,iPhone
Apple iPhone 7 128GB Black 3,Smartphones and Mobile,iPhone
Apple iPhone SE 32GB Gold Unlocked,Smartphones and Mobile,iPhone
Apple iPhone 7 128GB Silver Unlocked,Smartphones and Mobile,iPhone
Apple iPhone 7 256GB Black Vodafone,Smartphones and Mobile,iPhone
Apple iPhone SE 64GB Gold Tesco,Smartphones and Mobile,iPhone
Apple iPhone 7 Plus 256GB Black Unlocked,Smartphones and Mobile,iPhone
Apple iPhone 7 Plus 32GB Gold Virgin,Smartphones and Mobile,iPhone
Apple iPhone SE 16GB Space Grey EE,Smartphones and Mobile,iPhone
Apple iPhone SE 32GB Silver 3,Smartphones and Mobile,iPhone
Apple iPhone 7 Plus 32GB Rose Gold EE,Smartphones and Mobile,iPhone
Apple iPhone 7 32GB Gold Tesco,Smartphones and Mobile,iPhone
Apple iPhone 7 Plus 128GB Gold 3,Smartphones and Mobile,iPhone
Apple iPhone SE 16GB Silver Unlocked,Smartphones and Mobile,iPhone
Apple iPhone SE 32GB Rose Gold Vodafone,Smartphones and Mobile,iPhone
Apple iPhone SE 128GB Gold O2,Smartphones and Mobile,iPhone
Apple iPhone 7 128GB Gold Tesco,Smartphones and Mobile,iPhone
Apple iPhone SE 64GB Gold O2,Smartphones and Mobile,iPhone
Apple iPhone 7 Plus 256GB Red O2,Smartphones and Mobile,iPhone
Apple iPhone SE 128GB Silver Vodafone,Smartphones and Mobile,iPhone
Apple iPhone SE 64GB Space Grey Virgin,Smartphones and Mobile,iPhone
Apple iPhone SE 16GB Rose Gold Tesco,Smartphones and Mobile,iPhone
Apple iPhone SE 16GB Rose Gold EE,Smartphones and Mobile,iPhone
Apple iPhone 7 Plus 256GB Silver Unlocked,Smartphones and Mobile,iPhone
Apple iPhone 7 256GB Rose Gold Unlocked,Smartphones and Mobile,iPhone
Apple iPhone 7 Plus 128GB Jet Black O2,Smartphones and Mobile,iPhone
Apple iPhone 7 Plus 256GB Black Tesco,Smartphones and Mobile,iPhone
Apple iPhone 7 128GB Silver Vodafone,Smartphones and Mobile,iPhone
Apple iPhone SE 128GB Space Grey O2,Smartphones and Mobile,iPhone
Apple iPhone SE 32GB Gold Virgin,Smartphones and Mobile,iPhone
Apple iPhone 7 32GB Jet Black EE,Smartphones and Mobile,iPhone
Apple iPhone 7 128GB Silver Tesco,Smartphones and Mobile,iPhone
Apple iPhone 7 Plus 256GB Jet Black Vodafone,Smartphones and Mobile,iPhone
Apple iPhone SE 64GB Gold ID,Smartphones and Mobile,iPhone
Apple iPhone 7 Plus 128GB Rose Gold O2,Smartphones and Mobile,iPhone
Apple iPhone SE 16GB Gold O2,Smartphones and Mobile,iPhone
Apple iPhone 7 Plus 128GB Black Tesco,Smartphones and Mobile,iPhone
Apple iPhone 7 Plus 32GB Jet Black O2,Smartphones and Mobile,iPhone
Apple iPhone SE 16GB Silver O2,Smartphones and Mobile,iPhone
Apple iPhone SE 16GB Space Grey Virgin,Smartphones and Mobile,iPhone
Apple iPhone 7 Plus 128GB Rose Gold EE,Smartphones and Mobile,iPhone
Apple iPhone 7 32GB Gold 3,Smartphones and Mobile,iPhone
Apple iPhone 7 32GB Jet Black Tesco,Smartphones and Mobile,iPhone
Apple iPhone SE 16GB Gold 3,Smartphones and Mobile,iPhone
Apple iPhone 7 128GB Rose Gold Unlocked,Smartphones and Mobile,iPhone
Apple iPhone 7 128GB Red Unlocked,Smartphones and Mobile,iPhone
Apple iPhone SE 128GB Silver EE,Smartphones and Mobile,iPhone
Apple iPhone 7 32GB Jet Black O2,Smartphones and Mobile,iPhone
Apple iPhone SE 32GB Rose Gold Tesco,Smartphones and Mobile,iPhone
Apple iPhone SE 32GB Gold Tesco,Smartphones and Mobile,iPhone
Apple iPhone 7 32GB Rose Gold 3,Smartphones and Mobile,iPhone
Apple iPhone SE 64GB Silver Virgin,Smartphones and Mobile,iPhone
Apple iPhone 7 Plus 256GB Silver O2,Smartphones and Mobile,iPhone
Apple iPhone 7 Plus 128GB Red O2,Smartphones and Mobile,iPhone
Apple iPhone SE 64GB Silver Tesco,Smartphones and Mobile,iPhone
Apple iPhone SE 32GB Space Grey T-Mobile,Smartphones and Mobile,iPhone
Apple iPhone 7 256GB Rose Gold Tesco,Smartphones and Mobile,iPhone
Apple iPhone SE 16GB Gold ID,Smartphones and Mobile,iPhone
Apple iPhone SE 128GB Gold Unlocked,Smartphones and Mobile,iPhone
Apple iPhone SE 64GB Rose Gold Virgin,Smartphones and Mobile,iPhone
Apple iPhone SE 128GB Gold Tesco,Smartphones and Mobile,iPhone
Apple iPhone SE 32GB Rose Gold Unlocked,Smartphones and Mobile,iPhone
Apple iPhone SE 64GB Gold EE,Smartphones and Mobile,iPhone
Apple iPhone 7 32GB Red O2,Smartphones and Mobile,iPhone
Apple iPhone SE 16GB Gold EE,Smartphones and Mobile,iPhone
Apple iPhone SE 32GB Silver Unlocked,Smartphones and Mobile,iPhone
Apple iPhone 7 256GB Jet Black EE,Smartphones and Mobile,iPhone
Apple iPhone 7 Plus 32GB Rose Gold O2,Smartphones and Mobile,iPhone
Apple iPhone 7 Plus 32GB Jet Black EE,Smartphones and Mobile,iPhone
Apple iPhone 7 32GB Rose Gold EE,Smartphones and Mobile,iPhone
Apple iPhone 7 256GB Gold Vodafone,Smartphones and Mobile,iPhone
Apple iPhone 7 Plus 128GB Gold Unlocked,Smartphones and Mobile,iPhone
Apple iPhone SE 64GB Rose Gold O2,Smartphones and Mobile,iPhone
Apple iPhone 7 Plus 32GB Silver EE,Smartphones and Mobile,iPhone
Apple iPhone 7 256GB Gold Unlocked,Smartphones and Mobile,iPhone
Apple iPhone SE 32GB Silver EE,Smartphones and Mobile,iPhone
Apple iPhone SE 64GB Silver Vodafone,Smartphones and Mobile,iPhone
Apple iPhone 7 Plus 128GB Jet Black Tesco,Smartphones and Mobile,iPhone
Apple iPhone 7 128GB Silver EE,Smartphones and Mobile,iPhone
Apple iPhone 7 256GB Black EE,Smartphones and Mobile,iPhone
Apple iPhone 7 32GB Gold EE,Smartphones and Mobile,iPhone
Apple iPhone 7 32GB Black Tesco,Smartphones and Mobile,iPhone
Apple iPhone SE 64GB Rose Gold Vodafone,Smartphones and Mobile,iPhone
Apple iPhone SE 16GB Rose Gold O2,Smartphones and Mobile,iPhone
Apple iPhone SE 32GB Silver Vodafone,Smartphones and Mobile,iPhone
Apple iPhone SE 16GB Space Grey Vodafone,Smartphones and Mobile,iPhone
Apple iPhone 7 32GB Rose Gold Tesco,Smartphones and Mobile,iPhone
Apple iPhone 7 256GB Red Unlocked,Smartphones and Mobile,iPhone
Apple iPhone SE 128GB Rose Gold O2,Smartphones and Mobile,iPhone
Apple iPhone 7 32GB Black Unlocked,Smartphones and Mobile,iPhone
Apple iPhone 7 Plus 128GB Red Unlocked,Smartphones and Mobile,iPhone
Apple iPhone SE 64GB Gold Unlocked,Smartphones and Mobile,iPhone
Apple iPhone 7 128GB Gold Vodafone,Smartphones and Mobile,iPhone
Apple iPhone 7 128GB Silver O2,Smartphones and Mobile,iPhone
Apple iPhone SE 32GB Space Grey ID,Smartphones and Mobile,iPhone
Apple iPhone SE 32GB Rose Gold ID,Smartphones and Mobile,iPhone
Apple iPhone 7 128GB Jet Black EE,Smartphones and Mobile,iPhone
Apple iPhone 7 Plus 256GB Black EE,Smartphones and Mobile,iPhone
Apple iPhone 7 Plus 256GB Gold O2,Smartphones and Mobile,iPhone
Apple iPhone SE 128GB Rose Gold EE,Smartphones and Mobile,iPhone
Apple iPhone SE 16GB Silver ID,Smartphones and Mobile,iPhone
Apple iPhone 7 128GB Red O2,Smartphones and Mobile,iPhone
Apple iPhone SE 32GB Space Grey Vodafone,Smartphones and Mobile,iPhone
Apple iPhone SE 32GB Space Grey 3,Smartphones and Mobile,iPhone
Apple iPhone SE 64GB Space Grey Unlocked,Smartphones and Mobile,iPhone
Apple iPhone 7 128GB Silver 3,Smartphones and Mobile,iPhone
Apple iPhone 7 128GB Rose Gold O2,Smartphones and Mobile,iPhone
Apple iPhone 7 Plus 128GB Silver O2,Smartphones and Mobile,iPhone
Apple iPhone 7 32GB Silver EE,Smartphones and Mobile,iPhone
Apple iPhone SE 64GB Silver O2,Smartphones and Mobile,iPhone
Apple iPhone SE 16GB Space Grey 3,Smartphones and Mobile,iPhone
Apple iPhone 7 256GB Silver EE,Smartphones and Mobile,iPhone
Apple iPhone 7 Plus 256GB Silver Vodafone,Smartphones and Mobile,iPhone
Apple iPhone 7 256GB Rose Gold EE,Smartphones and Mobile,iPhone
Apple iPhone SE 16GB Rose Gold 3,Smartphones and Mobile,iPhone
Apple iPhone 7 32GB Black EE,Smartphones and Mobile,iPhone
Apple iPhone 7 128GB Jet Black Unlocked,Smartphones and Mobile,iPhone
Apple iPhone 7 Plus 128GB Red Vodafone,Smartphones and Mobile,iPhone
Apple iPhone 7 32GB Silver Unlocked,Smartphones and Mobile,iPhone
Apple iPhone 7 Plus 128GB Black EE,Smartphones and Mobile,iPhone
Apple iPhone 7 Plus 128GB Black Unlocked,Smartphones and Mobile,iPhone
Apple iPhone 7 128GB Red Vodafone,Smartphones and Mobile,iPhone
Apple iPhone SE 16GB Rose Gold Virgin,Smartphones and Mobile,iPhone
Apple iPhone 7 Plus 128GB Jet Black EE,Smartphones and Mobile,iPhone
Apple iPhone 7 Plus 128GB Silver Tesco,Smartphones and Mobile,iPhone
Apple iPhone 7 32GB Gold Virgin,Smartphones and Mobile,iPhone
Apple iPhone 7 256GB Jet Black Tesco,Smartphones and Mobile,iPhone
Apple iPhone 7 32GB Rose Gold Virgin,Smartphones and Mobile,iPhone
Apple iPhone 7 32GB Jet Black Vodafone,Smartphones and Mobile,iPhone
Apple iPhone 7 32GB Silver ID,Smartphones and Mobile,iPhone
Apple iPhone 7 Plus 256GB Gold Vodafone,Smartphones and Mobile,iPhone
Apple iPhone 7 128GB Black Tesco,Smartphones and Mobile,iPhone
Apple iPhone 7 32GB Gold Unlocked,Smartphones and Mobile,iPhone
Apple iPhone 7 Plus 32GB Silver Tesco,Smartphones and Mobile,iPhone
Apple iPhone 7 128GB Gold O2,Smartphones and Mobile,iPhone
Apple iPhone 7 Plus 256GB Gold Unlocked,Smartphones and Mobile,iPhone
Apple iPhone SE 64GB Rose Gold Tesco,Smartphones and Mobile,iPhone
Apple iPhone 7 Plus 32GB Black EE,Smartphones and Mobile,iPhone
Apple iPhone 7 Plus 256GB Jet Black O2,Smartphones and Mobile,iPhone
Apple iPhone 7 32GB Black 3,Smartphones and Mobile,iPhone
Apple iPhone 7 32GB Rose Gold Vodafone,Smartphones and Mobile,iPhone
Apple iPhone SE 128GB Silver O2,Smartphones and Mobile,iPhone
Apple iPhone SE 32GB Gold Vodafone,Smartphones and Mobile,iPhone
Apple iPhone SE 16GB Space Grey Tesco,Smartphones and Mobile,iPhone
Apple iPhone 7 32GB Silver Tesco,Smartphones and Mobile,iPhone
Apple iPhone 7 Plus 32GB Black Unlocked,Smartphones and Mobile,iPhone
Apple iPhone SE 64GB Space Grey 3,Smartphones and Mobile,iPhone
Apple iPhone 7 32GB Black Virgin,Smartphones and Mobile,iPhone
Apple iPhone 7 Plus 32GB Silver Vodafone,Smartphones and Mobile,iPhone
Apple iPhone SE 32GB Gold O2,Smartphones and Mobile,iPhone
Apple iPhone 7 Plus 32GB Gold O2,Smartphones and Mobile,iPhone
Apple iPhone 7 256GB Black ID,Smartphones and Mobile,iPhone
Apple iPhone 7 Plus 128GB Jet Black Virgin,Smartphones and Mobile,iPhone
Apple iPhone SE 64GB Silver Unlocked,Smartphones and Mobile,iPhone
Apple iPhone 7 128GB Red Tesco,Smartphones and Mobile,iPhone
Apple iPhone 7 128GB Rose Gold Vodafone,Smartphones and Mobile,iPhone
Apple iPhone 7 256GB Rose Gold O2,Smartphones and Mobile,iPhone
Apple iPhone 7 128GB Jet Black Vodafone,Smartphones and Mobile,iPhone
Apple iPhone 7 128GB Gold EE,Smartphones and Mobile,iPhone
Apple iPhone 7 128GB Rose Gold Tesco,Smartphones and Mobile,iPhone
Apple iPhone 7 Plus 32GB Red Vodafone,Smartphones and Mobile,iPhone
Apple iPhone SE 64GB Silver ID,Smartphones and Mobile,iPhone
Apple iPhone 7 Plus 32GB Gold EE,Smartphones and Mobile,iPhone
Apple iPhone 7 Plus 256GB Rose Gold O2,Smartphones and Mobile,iPhone
Apple iPhone SE 16GB Silver Virgin,Smartphones and Mobile,iPhone
Apple iPhone 7 128GB Gold Unlocked,Smartphones and Mobile,iPhone
Apple iPhone 7 Plus 32GB Black 3,Smartphones and Mobile,iPhone
Apple iPhone 7 32GB Red Unlocked,Smartphones and Mobile,iPhone
Apple iPhone 7 Plus 32GB Gold Vodafone,Smartphones and Mobile,iPhone
Apple iPhone 7 256GB Rose Gold 3,Smartphones and Mobile,iPhone
Apple iPhone 7 32GB Gold Vodafone,Smartphones and Mobile,iPhone
Apple iPhone 7 Plus 128GB Black Virgin,Smartphones and Mobile,iPhone
Apple iPhone 7 Plus 32GB Jet Black Vodafone,Smartphones and Mobile,iPhone
Apple iPhone 7 Plus 128GB Gold EE,Smartphones and Mobile,iPhone
Apple iPhone SE 64GB Silver EE,Smartphones and Mobile,iPhone
Apple iPhone 7 256GB Black O2,Smartphones and Mobile,iPhone
Apple iPhone 7 Plus 32GB Rose Gold Tesco,Smartphones and Mobile,iPhone
Apple iPhone 7 128GB Black Unlocked,Smartphones and Mobile,iPhone
Apple iPhone SE 32GB Space Grey EE,Smartphones and Mobile,iPhone
Apple iPhone 7 32GB Rose Gold Unlocked,Smartphones and Mobile,iPhone
Apple iPhone SE 64GB Rose Gold 3,Smartphones and Mobile,iPhone
Apple iPhone 7 Plus 32GB Black Tesco,Smartphones and Mobile,iPhone
Apple iPhone 7 Plus 32GB Red Unlocked,Smartphones and Mobile,iPhone
Apple iPhone 7 Plus 128GB Silver Unlocked,Smartphones and Mobile,iPhone
Apple iPhone SE 16GB Gold Virgin,Smartphones and Mobile,iPhone
Apple iPhone 7 32GB Red Vodafone,Smartphones and Mobile,iPhone
Apple iPhone SE 32GB Silver Tesco,Smartphones and Mobile,iPhone
Apple iPhone 7 Plus 32GB Gold Tesco,Smartphones and Mobile,iPhone
Apple iPhone SE 16GB Silver Tesco,Smartphones and Mobile,iPhone
Apple iPhone 7 32GB Gold ID,Smartphones and Mobile,iPhone
Apple iPhone SE 64GB Space Grey Vodafone,Smartphones and Mobile,iPhone
Apple iPhone SE 32GB Space Grey Virgin,Smartphones and Mobile,iPhone
Apple iPhone 7 128GB Black Vodafone,Smartphones and Mobile,iPhone
Apple iPhone 7 256GB Silver Vodafone,Smartphones and Mobile,iPhone
Apple iPhone SE 64GB Gold Virgin,Smartphones and Mobile,iPhone
Apple iPhone 7 Plus 128GB Gold Vodafone,Smartphones and Mobile,iPhone
Apple iPhone SE 64GB Space Grey Tesco,Smartphones and Mobile,iPhone
Apple iPhone 7 256GB Black Tesco,Smartphones and Mobile,iPhone
Apple iPhone 7 128GB Black EE,Smartphones and Mobile,iPhone
Apple iPhone 7 32GB Jet Black Unlocked,Smartphones and Mobile,iPhone
Apple iPhone 7 128GB Rose Gold EE,Smartphones and Mobile,iPhone
Apple iPhone 7 Plus 256GB Gold Tesco,Smartphones and Mobile,iPhone
Apple iPhone 7 Plus 128GB Gold Tesco,Smartphones and Mobile,iPhone
Apple iPhone SE 16GB Rose Gold Vodafone,Smartphones and Mobile,iPhone
Apple iPhone 7 32GB Rose Gold ID,Smartphones and Mobile,iPhone
Apple iPhone 7 128GB Jet Black O2,Smartphones and Mobile,iPhone
Apple iPhone 7 32GB Silver Vodafone,Smartphones and Mobile,iPhone
Apple iPhone SE (2nd Generation) 128GB Black Tesco,Smartphones and Mobile,iPhone
Apple iPhone SE (2nd Generation) 128GB Product RED Unlocked,Smartphones and Mobile,iPhone
Apple iPhone SE (2nd Generation) 256GB White Unlocked,Smartphones and Mobile,iPhone
Apple iPhone SE (2nd Generation) 64GB White O2,Smartphones and Mobile,iPhone
Apple iPhone SE (2nd Generation) 64GB Product RED Tesco,Smartphones and Mobile,iPhone
Apple iPhone SE (2nd Generation) 64GB White EE,Smartphones and Mobile,iPhone
Apple iPhone SE (2nd Generation) 64GB Black O2,Smartphones and Mobile,iPhone
Apple iPhone SE (2nd Generation) 128GB Black O2,Smartphones and Mobile,iPhone
Apple iPhone SE (2nd Generation) 128GB Black Unlocked,Smartphones and Mobile,iPhone
Apple iPhone SE (2nd Generation) 128GB White Unlocked,Smartphones and Mobile,iPhone
Apple iPhone SE (2nd Generation) 256GB White EE,Smartphones and Mobile,iPhone
Apple iPhone SE (2nd Generation) 256GB Product RED Vodafone,Smartphones and Mobile,iPhone
Apple iPhone SE (2nd Generation) 128GB Product RED EE,Smartphones and Mobile,iPhone
Apple iPhone SE (2nd Generation) 64GB Black EE,Smartphones and Mobile,iPhone
Apple iPhone SE (2nd Generation) 256GB Product RED EE,Smartphones and Mobile,iPhone
Apple iPhone SE (2nd Generation) 64GB White Vodafone,Smartphones and Mobile,iPhone
Apple iPhone SE (2nd Generation) 256GB Black O2,Smartphones and Mobile,iPhone
Apple iPhone SE (2nd Generation) 256GB Black EE,Smartphones and Mobile,iPhone
Apple iPhone SE (2nd Generation) 64GB White Virgin,Smartphones and Mobile,iPhone
Apple iPhone SE (2nd Generation) 64GB Black Virgin,Smartphones and Mobile,iPhone
Apple iPhone SE (2nd Generation) 256GB Product RED Unlocked,Smartphones and Mobile,iPhone
Apple iPhone SE (2nd Generation) 256GB Black Unlocked,Smartphones and Mobile,iPhone
Apple iPhone SE (2nd Generation) 64GB Black Vodafone,Smartphones and Mobile,iPhone
Apple iPhone SE (2nd Generation) 128GB Black EE,Smartphones and Mobile,iPhone
Apple iPhone SE (2nd Generation) 64GB Product RED EE,Smartphones and Mobile,iPhone
Apple iPhone SE (2nd Generation) 64GB White Tesco,Smartphones and Mobile,iPhone
Apple iPhone SE (2nd Generation) 128GB Product RED O2,Smartphones and Mobile,iPhone
Apple iPhone SE (2nd Generation) 64GB Product RED Unlocked,Smartphones and Mobile,iPhone
Apple iPhone SE (2nd Generation) 64GB Product Red Virgin,Smartphones and Mobile,iPhone
Apple iPhone SE (2nd Generation) 256GB Product RED O2,Smartphones and Mobile,iPhone
Apple iPhone SE (2nd Generation) 64GB Product RED Vodafone,Smartphones and Mobile,iPhone
Apple iPhone SE (2nd Generation) 64GB Black 3,Smartphones and Mobile,iPhone
Apple iPhone SE (2nd Generation) 128GB White EE,Smartphones and Mobile,iPhone
Apple iPhone SE (2nd Generation) 64GB White Unlocked,Smartphones and Mobile,iPhone
Apple iPhone SE (2nd Generation) 64GB Product RED O2,Smartphones and Mobile,iPhone
Apple iPhone SE (2nd Generation) 64GB Black Tesco,Smartphones and Mobile,iPhone
Apple iPhone SE (2nd Generation) 64GB Black Unlocked,Smartphones and Mobile,iPhone
Apple iPhone SE (3rd Generation) 128GB Midnight Unlocked,Smartphones and Mobile,iPhone
Apple iPhone SE (3rd Generation) 256GB Starlight Unlocked,Smartphones and Mobile,iPhone
Apple iPhone SE (3rd Generation) 64GB Midnight EE,Smartphones and Mobile,iPhone
Apple iPhone SE (3rd Generation) 64GB Product RED Unlocked,Smartphones and Mobile,iPhone
Apple iPhone SE (3rd Generation) 128GB Starlight Unlocked,Smartphones and Mobile,iPhone
Apple iPhone SE (3rd Generation) 64GB Starlight Unlocked,Smartphones and Mobile,iPhone
Apple iPhone SE (3rd Generation) 256GB Product RED Unlocked,Smartphones and Mobile,iPhone
Apple iPhone SE (3rd Generation) 256GB Midnight Unlocked,Smartphones and Mobile,iPhone
Apple iPhone SE (3rd Generation) 64GB Midnight Unlocked,Smartphones and Mobile,iPhone
Apple iPhone SE (3rd Generation) 128GB Midnight Tesco,Smartphones and Mobile,iPhone
Apple iPhone SE (3rd Generation) 64GB Starlight Vodafone,Smartphones and Mobile,iPhone
Apple iPhone SE (3rd Generation) 128GB Product RED Unlocked,Smartphones and Mobile,iPhone
